"NAME","VPIP","PFR","CBET","AF","WSD","hands"
"676c5599",56,22,0,4,33,19
"7055f691",50,25,0,1,0,14
"a073d05a",33,0,NA,0,NA,3
"87d3a077",67,33,0,1,100,3
"cdbd79a3",67,33,0,0,67,6
"cb9ff3c8",100,17,0,3,67,6
"ab7d5db6",67,50,33,0.5,100,6
"3b2ff38c",60,40,0,2,0,5
"29e8c1f3",100,67,0,1,100,6
"eba9406c",33,33,0,1,0,6
"e62d21d3",0,0,NA,0,NA,2
"464b4f58",100,100,0,0,100,2
"8c45288d",53,38,0,4,44,34
"4f1364d6",67,44,17,1,33,27
"a277f2ea",27,18,0,2,0,11
"ec481f0e",38,38,40,2,0,13
"e1deeb85",67,0,NA,4,100,3
"f8a7e315",67,33,100,0.33,0,3
"0fc61e39",100,100,0,0,0,1
"f7f440d1",50,25,33,1,0,12
"f021aea7",62,25,50,1.25,100,8
"6c4dab2c",36,21,0,3,33,39
"3dddc36f",36,7,0,0.4,60,28
"1630baaa",50,25,100,4,0,4
"1f0caf59",46,8,0,2,57,26
"baa6929e",61,23,29,1.5,50,31
"43b994bc",57,36,20,0.23,33,14
"560b36b1",100,33,0,3,0,3
"a6f4f226",100,14,0,0.14,50,7
"b88461ec",25,25,100,2,100,4
"d8f83725",67,67,25,0.33,25,6
"4c650d8b",57,29,0,3,60,14
"08bc2304",100,17,0,0.5,0,6
"0383c567",62,47,20,0.45,78,32
"2871431a",70,25,0,0.5,67,20
"a1925735",25,5,0,3,100,20
"4c8383aa",100,0,NA,0,57,11
"7c72bc72",40,30,67,6,75,11
"5b91bbc8",100,67,0,0,0,3
"a955efb3",60,60,33,1,100,5
"a077cc31",38,38,0,0.17,0,9
"f95b3344",63,11,0,1,83,19
"ea8e733b",100,100,100,1,100,1
"4ab0e533",100,0,NA,0,NA,1
"2e0eef7a",73,36,25,0.33,20,14
"4670632d",50,50,0,0,0,2
"8854ff82",60,0,NA,2,0,5
"a52a270b",83,62,27,3,43,24
"6813e66c",44,19,33,0.5,100,16
"b37bed73",62,6,100,7,0,16
"b38d580a",26,11,0,1,0,27
"fe96d4dd",33,27,12,1,33,30
"c120ef79",67,17,0,0,100,6
"9ffefc08",67,33,100,6,50,6
"4a9984a0",100,100,0,0,0,1
"b51add86",75,75,0,0,100,4
"776b8cad",62,0,NA,1.25,33,8
"39bf0ef1",100,0,NA,1.33,100,5
"e1b2c5fa",52,30,10,0.86,67,33
"2413c9fc",100,0,NA,3,0,1
"78b55d1f",50,38,0,0.5,100,8
"25772a68",50,25,100,2,0,5
"a12f7feb",47,32,18,4,40,34
"6cea2f4d",89,0,NA,1,29,9
"b97e9ad6",50,25,0,1,100,4
"5669575b",57,53,15,2.4,64,90
"12396845",50,50,0,0,100,6
"64d25c50",0,0,NA,0,NA,6
"ac75c856",35,16,0,2,67,31
"8bdeb681",60,13,0,4,60,32
"3385a4de",83,17,0,0.25,100,6
"29d81fed",50,0,NA,0.5,0,6
"710d2635",60,60,0,0,0,10
"d2999c08",67,33,100,2,100,3
"bb167c6b",0,0,NA,0,NA,3
"bf233f23",33,21,33,5,80,43
"247e112d",100,0,NA,0,33,3
"d16dc6c8",44,11,50,1,40,18
"f313f107",36,9,0,1,25,11
"492a830e",71,29,0,0,50,7
"d5b1fb65",68,21,0,1,43,35
"d681b847",24,16,50,3,0,25
"f01a6237",54,21,33,1,67,28
"b740891c",75,25,100,1,NA,4
"f325c19b",25,25,0,1,100,4
"869e2a55",57,14,0,1,50,7
"96d1d2ee",43,14,0,3,100,7
"2547c7fd",64,24,33,10,67,25
"cb4d7e8f",41,35,17,1.5,25,17
"ea4b15f5",36,14,33,6,NA,22
"12c2d9e3",41,14,33,1.33,100,22
"9bfcb8d9",50,17,100,1,0,7
"f4c27a6b",54,35,33,5,100,27
"ecf01a1a",44,33,0,0.67,100,42
"96df120b",100,43,0,5,0,7
"62d2d034",40,0,NA,1,0,5
"0d6c3b46",62,46,17,1,50,13
"7f783b9f",100,100,0,0,0,1
"99d4debd",54,21,0,0.67,80,24
"2f6f8f30",67,33,0,0,0,3
"de0364b7",50,17,0,2,100,6
"d44d27d4",67,33,0,0,0,3
"8a8c1f23",75,25,50,6,100,8
"57f085a6",80,20,0,0.5,100,5
"29ab37c4",60,0,NA,1.67,50,5
"de9bf2e0",44,22,0,1,0,9
"97c40bf5",67,67,50,5,100,9
"cf4ad71f",82,45,20,1,50,12
"75366ab9",67,0,NA,4,0,3
"1b99e7b2",100,33,0,2,0,3
"23bf40a2",75,50,50,6,50,9
"a2c898c7",41,29,31,6,67,56
"1d9cff62",60,20,0,1,100,11
"5a8d89c1",40,10,0,1,50,10
"ab21b746",62,38,33,1.8,67,24
"ca44f983",50,40,0,0.17,50,10
"0eb72e05",26,11,0,0.5,50,19
"c6448487",67,33,33,1,50,9
"1f003009",47,18,0,5,33,19
"53289f34",62,38,33,3,100,8
"0c66dfe5",50,0,NA,0.5,100,8
"551a3788",54,36,29,1.11,69,40
"9338d385",44,11,0,0.67,100,9
"f65b0ea1",62,38,0,1,75,8
"ab09d76b",62,12,0,1,0,8
"8bace32a",57,33,29,1.25,62,23
"7939c2d8",100,25,0,0.5,0,4
"dbd64704",83,83,0,0,0,6
"474ed7de",50,20,50,1.75,100,11
"c2c47369",50,0,NA,1,0,2
"7e666e4e",69,12,0,2,44,19
"fa9a9c1d",71,43,67,2,50,7
"71314150",65,5,50,0.88,74,84
"23730f24",69,44,43,1.5,50,16
"d4f3bf8a",100,100,0,0,0,1
"73b45fd3",47,29,0,2,33,17
"bbe0444f",46,13,0,0.46,73,49
"dfd40c4f",54,30,9,1.6,56,43
"5d0bc625",75,50,50,5,0,8
"35ba1cb8",24,0,NA,1,100,17
"be1a33dd",40,0,NA,0,NA,5
"eee769a9",40,20,0,1,100,5
"f032b066",57,14,67,1.08,57,21
"c8681c81",43,29,100,3,0,7
"838ea4e1",50,38,0,0,100,8
"21087416",50,38,33,0.5,0,8
"f0626e8f",54,50,8,2.67,50,26
"c4e3f0e0",73,55,17,1.33,33,11
"2e79ae0c",27,27,0,0,50,12
"058b5fdc",50,12,0,0.5,33,8
"fda69adc",41,19,0,5,50,37
"05cc7063",64,18,0,0.22,25,12
"0e55f089",62,10,0,1.38,44,31
"9e82bf24",26,0,NA,1.5,50,19
"6358c22b",25,0,NA,1.67,0,24
"a0f97563",49,37,0,1.2,100,41
"af64bd75",100,0,NA,0,0,1
"c9d175d2",80,50,20,0.8,75,10
"32ea156e",58,5,0,0.6,56,19
"d2d71246",42,16,33,0.33,67,19
"0f8bad68",64,26,0,0.25,64,39
"78284775",33,33,33,2,50,9
"d58b33d5",100,0,NA,1,0,1
"7ad38aca",50,25,0,3,50,4
"98a56322",78,22,50,11,0,18
"e2bf18dd",55,10,25,1.11,40,40
"33be7bdd",55,45,0,2,0,11
"5f847a12",79,50,29,4.5,50,14
"49ec82df",46,15,0,1,NA,13
"985cb98b",54,46,33,1.2,33,13
"fd9a6324",50,5,0,3.5,100,22
"9e31aba4",56,22,0,0,0,9
"226fe86e",41,18,25,0.8,40,22
"ca1d7b87",75,0,NA,5,100,4
"90827fc9",56,20,0,0.5,83,25
"695951d0",33,17,25,1.5,0,24
"64d02c6a",67,33,0,0,0,3
"08d367df",56,56,11,1,57,16
"c74c332b",44,22,3,0.9,55,154
"34b9d740",91,36,0,2,43,11
"6a7959cf",42,33,75,6,100,12
"db5e3699",58,8,100,0.78,100,12
"22c5ab8c",62,14,0,0.43,50,21
"33b88173",50,20,50,2.33,57,21
"c6118cc7",0,0,NA,0,NA,2
"f9cb581e",50,0,NA,0.2,100,2
"bae55fa4",75,12,0,0,0,9
"2b27c8f7",59,15,29,2.5,75,46
"01db96ac",43,21,0,0.5,75,14
"06f47443",50,10,0,1.5,100,14
"ee287b41",53,33,20,0.67,67,15
"70a97d62",100,0,NA,0,0,1
"a5418e0b",50,23,29,0.4,50,30
"9079922a",40,12,0,3,50,25
"9cf6b0a0",35,32,22,1.8,77,85
"d715057c",33,20,0,0.6,100,15
"d34ef373",37,16,33,1.67,0,19
"6deb64ba",73,12,0,1.4,78,33
"716f1be5",50,40,25,2,33,10
"4ec97075",40,20,0,0,100,10
"890fcf6a",43,18,20,11,67,28
"9b0eb39c",40,40,50,3,50,5
"43610986",55,3,0,0.5,44,33
"e71249f3",34,19,17,1.12,60,32
"ae341cce",35,12,0,0.11,100,17
"bc55d413",24,12,0,4,0,17
"561c5278",37,26,0,0.5,60,19
"b4a128fd",67,33,0,0.5,0,12
"446e1bd5",42,23,0,1,50,52
"41526ca7",55,30,0,0.25,40,20
"7fe01549",48,45,11,1.6,50,40
"151b9c67",100,100,0,0,0,1
"a62c6be4",42,25,17,5,33,24
"5dd1acd5",39,16,8,2.88,50,76
"ba76323b",56,28,0,1,100,18
"77107e13",31,31,25,3,50,13
"5f2387e7",100,0,NA,0,0,1
"0a5f40e0",62,38,67,3.5,67,8
"46ad19dd",62,0,NA,0.62,67,8
"e4f12c75",60,50,0,0.25,100,10
"d7f98bd8",40,20,0,4,33,10
"72dfdabc",62,14,67,0.58,83,21
"3f862057",33,33,50,0.2,0,6
"af4d369a",25,7,0,0.33,33,28
"f2b84b2a",78,20,11,2.27,45,51
"84b1dc79",50,0,NA,3,0,8
"b60ec19e",49,35,21,2.67,73,55
"43144504",59,24,0,0.83,50,17
"dbe995ff",18,18,0,0,NA,17
"937d8711",67,33,100,2,100,3
"5c602edb",30,30,33,1,NA,11
"02d99064",27,27,0,3,100,11
"315eee86",100,100,0,0,0,1
"6698e961",55,39,17,4.5,67,31
"3a25d8e7",47,21,14,1.88,29,34
"321c5165",78,11,0,1.6,0,10
"32335c4f",54,23,0,1,50,29
"e30e6424",54,14,0,0.64,62,37
"d98a385a",31,6,0,1,0,16
"4c2ae2c8",54,25,17,1.3,60,24
"42ac97cd",100,100,100,1,0,1
"54fc4eaa",53,12,25,5.5,50,32
"125c439c",100,100,0,0,0,3
"4fe4e5d2",47,21,50,1,60,19
"d6877055",21,21,25,5,67,19
"57fb797b",26,5,0,0.5,100,19
"a0500f88",73,20,67,8,25,19
"4dd825b2",73,45,0,3,0,11
"47e1f482",49,34,19,1,44,47
"4a506d11",21,12,33,5,50,24
"7e4444fe",31,23,0,0.75,100,13
"b7fd0014",50,0,NA,0,NA,2
"4e673fe8",47,33,20,0.33,100,15
"3e7f01b6",89,33,33,0.3,50,9
"cb0f0254",38,12,67,2.5,75,26
"651ed6bb",75,0,NA,4.5,67,8
"13571352",80,40,0,2,0,5
"df909eda",47,20,33,1.33,100,15
"5c41fce8",75,50,50,1.5,0,4
"0706dba3",100,100,0,0,0,1
"4bed3115",100,0,NA,2,100,3
"c6e11d0d",47,20,67,4,0,15
"9753db94",75,38,33,0.5,0,8
"73922bfd",100,100,0,0,0,1
"541e757f",28,28,0,0,80,36
"fc972ac1",47,13,50,0.75,33,15
"d4a89d52",73,40,17,2,83,15
"b33c8cc6",36,18,0,1.5,67,11
"f953a9cb",50,25,0,1.14,69,56
"aa14bb4f",42,32,33,4,NA,19
"cfac7c41",74,53,0,0,100,19
"b1f4b03d",50,25,0,0.4,50,14
"d95ae95b",67,33,0,0,0,6
"f5423479",54,18,20,2.33,86,28
"598152ec",26,11,0,0.5,50,19
"245f9146",100,0,NA,1,50,2
"58f7d4ab",80,60,0,0,0,5
"13e53279",22,0,NA,0,100,9
"295e00e9",71,44,15,0.87,50,46
"e495587b",53,36,15,9,62,45
"79f4ecc3",41,35,0,0,25,17
"74960c51",73,36,0,1,20,11
"42cad893",56,44,0,0,0,10
"a4913392",100,100,0,0,0,3
"da5606ae",21,0,NA,3,67,14
"cf4dac14",58,16,0,3.5,100,31
"c05720ff",27,5,0,2,0,23
"a0a0264f",48,17,50,0.57,71,23
"1a344fd1",55,36,0,0,33,11
"1aa801ab",57,14,0,0,0,7
"c79307c6",100,67,0,0,0,3
"b799f0f1",61,30,0,0.6,50,23
"998f5f4f",67,0,NA,0,0,3
"a00d077a",100,85,0,1,50,16
"b78242f5",100,100,0,0,0,1
"db39dc43",100,0,NA,0,0,1
"5d29ed09",22,0,NA,0,NA,10
"d4df18b6",50,40,50,7,100,10
"f6eb6fc0",54,15,0,0.67,0,13
"812342b0",48,35,18,7,43,31
"f07f5cd0",100,17,0,0.4,100,6
"8522e7e6",100,100,100,3,0,1
"87caf6ca",100,100,0,0,0,1
"96ceac87",75,25,0,1,100,4
"982c0bb1",60,40,50,5,0,5
"f5a86d8e",38,23,0,1.5,50,13
"1f10840b",100,50,0,0,100,2
"5f0af023",50,0,NA,1,100,2
"50f4bc18",33,33,25,3,25,12
"1a9e95d4",82,24,0,4,80,25
"bbab3113",50,25,0,2,0,28
"a2b06824",29,10,0,1,83,31
"e7dd3cb7",37,17,0,4,80,52
"524eb77b",47,15,8,0.71,59,83
"5d0bf2b1",46,35,0,0,40,26
"2dbcaed2",33,17,0,2,0,8
"bbe79ace",57,35,0,0.6,86,48
"ef3e29fd",100,50,0,1,0,2
"4b63b7eb",71,14,33,10,100,21
"42305f43",44,0,NA,0.6,0,9
"8c4303b6",60,40,33,2,67,15
"a8c3b27d",69,15,0,0.33,50,13
"6b47917e",78,67,0,1,100,9
"d44cea5c",22,0,NA,0,0,9
"cab6440d",54,29,8,1.75,60,54
"d6dca20a",47,37,29,2,0,19
"57103617",62,50,50,3.5,0,8
"5fa6d2eb",47,24,25,6,60,20
"c3ea0f90",29,21,0,0,0,14
"28bb7768",68,11,0,1.8,43,31
"40cfa27d",67,7,50,1.5,71,27
"feab68ba",40,15,12,0.9,75,56
"40d194d2",60,60,67,3,0,5
"36d27e38",90,20,0,1.2,100,12
"66410bfa",50,50,100,1,0,2
"cea11afe",67,33,50,2,50,6
"e7d46876",54,11,25,1.12,50,35
"317e6299",33,17,50,4,0,12
"b384b8c7",55,30,17,0.8,33,20
"3fa5ac70",33,0,NA,2,0,3
"7d8ea289",100,0,NA,0,NA,1
"b83bf5a5",40,40,50,1.5,33,6
"9e12b2a9",32,7,0,0.5,67,28
"e8f351a7",69,31,25,6,0,13
"52be5037",100,60,67,1.5,33,6
"d627ff35",58,17,0,3,100,13
"d3bf18b3",67,0,NA,3,100,3
"c6a44922",33,0,NA,0,NA,3
"b0392df9",54,8,50,1.15,25,24
"7791076d",83,0,NA,2,33,6
"fb1e7a5f",75,50,0,0,50,4
"829660a3",25,0,NA,0,100,4
"2d0c4f1a",50,0,NA,0,0,2
"dbc9ed9c",40,26,16,5,29,72
"fabadd86",100,0,NA,0.5,0,2
"619694d0",73,45,0,0.83,25,11
"1238da1e",42,25,20,1.17,62,60
"169dd1b0",93,73,36,2,0,15
"74915592",45,20,22,0.83,70,44
"4200d48c",60,13,0,0.33,0,16
"9736d401",30,15,0,8,0,20
"48bd9dae",100,0,NA,1,0,1
"4330e9b6",40,30,33,2,0,10
"1ed1570d",49,9,25,3.4,40,45
"979538da",54,0,NA,2,50,13
"915a6363",71,0,NA,1,33,7
"d6845aa2",55,35,29,1.2,67,20
"46b39a61",28,26,10,1,60,39
"e8e54d1a",45,5,0,1.75,67,20
"479b8831",71,71,40,2,0,7
"ccc9863d",42,17,0,3,60,24
"75976cb8",71,36,40,0.83,50,14
"2cea731e",43,21,67,7,100,14
"08fdabd9",50,18,60,1.57,80,28
"a5638061",73,73,9,2,43,19
"927f29de",47,26,0,5,67,19
"814f4e49",58,5,0,1,50,19
"bab71441",75,50,0,1.5,56,20
"26852816",24,6,0,0,75,17
"f9731fc2",62,12,0,3,75,8
"5d4d5325",40,29,8,1.75,70,42
"ba390bae",67,50,0,1,33,6
"d9afe400",58,12,0,2,17,24
"aabf8bab",57,19,0,2.5,50,21
"a4176d38",50,25,100,4,100,4
"60139bd7",100,0,NA,1,0,3
"5a92b650",42,25,0,0.33,75,13
"430aa037",50,17,0,0,50,7
"ea2e66d8",80,60,0,2,0,5
"f18410ea",75,50,0,0,0,4
"8eeec71c",47,47,14,3,67,15
"02476060",54,23,33,0.5,50,15
"d16b69d9",40,30,0,3,67,10
"29201c48",62,25,0,2,33,8
"21092d9d",31,8,50,4.2,62,51
"97280816",70,20,33,1.86,43,37
"73eeccfb",67,0,NA,0.25,25,6
"f3df86ed",60,10,0,2.33,80,10
"ac6609a0",75,8,0,0,25,12
"13446a6a",60,30,67,2.5,0,10
"52ab7d0d",44,24,67,6,50,25
"9903d171",40,0,NA,1,0,5
"697df130",56,28,20,4,50,18
"5a71878d",88,25,50,5,100,8
"16d3368f",38,12,100,2,0,8
"a79eb211",100,50,0,0,0,2
"ac42b928",75,42,40,0.71,80,12
"c7ffe2ae",73,36,0,2,100,11
"28112214",25,0,NA,2,0,4
"72b5c7ed",59,39,12,7,60,41
"b6e4562d",68,26,40,2,43,19
"33b92684",67,17,0,1,100,6
"c3a50153",85,31,100,3.5,50,13
"e609706b",67,25,67,1.5,67,12
"32972485",42,8,100,3,0,12
"9d675f16",55,9,0,1,67,11
"57c903fe",58,33,17,3.2,56,55
"294b5fe7",44,22,0,2,0,9
"a80feca8",50,0,NA,0,0,2
"7762b90b",27,18,0,1,0,11
"00b16c72",60,0,NA,0.5,0,5
"05aad701",20,0,NA,0,NA,5
"59a8e2f2",80,60,0,1,100,5
"b478b8b7",37,30,12,1,40,27
"bc050f7c",70,3,100,2.4,67,30
"9eb1c68e",51,21,0,1.22,56,50
"fcc97e22",40,12,0,4,50,25
"a2598fe6",33,33,0,1.33,25,18
"444d91b3",44,10,0,1.6,83,46
"3d8ba8a4",54,32,17,0.83,60,38
"086544a9",45,18,0,3,0,11
"5c094ee1",33,15,0,1,57,39
"6c9ffcb9",40,0,NA,0.4,0,5
"13b12496",26,17,25,0.88,57,23
"a67b9fb8",45,9,0,2,25,11
"17090ac7",50,19,17,1.5,38,33
"9b4bef61",47,21,14,6,60,34
"e90abf0d",36,36,25,4,NA,13
"ce0dac4e",58,32,17,0.86,60,19
"252489e1",55,36,25,0.67,0,11
"1f0661d1",31,23,33,0.75,100,13
"0d9229bd",62,15,50,8,25,13
"2d1e1b3c",58,32,17,2,60,21
"30f46acf",100,50,0,1,100,4
"34ae294e",37,21,0,2,50,78
"fea883d8",39,26,17,0.67,33,23
"5b8008a1",70,39,11,10,50,25
"f295bbfd",38,23,67,1.33,33,13
"15abe96f",41,24,25,6,67,18
"f6819666",50,50,0,0,0,3
"11e8f2b7",76,43,56,4,80,21
"11560081",62,24,40,1.4,33,21
"e481075f",50,0,NA,0.4,57,22
"7e36480a",57,10,20,6.33,43,51
"84296bc3",30,3,0,1.83,80,63
"de639c23",54,34,12,1.83,22,56
"4632094f",50,44,38,1.33,60,18
"375ba629",65,29,0,0.75,83,21
"1fd00c10",61,11,0,1,33,18
"2df40599",13,13,0,0,0,23
"9b583ff4",20,20,0,1,0,20
"f1145af3",58,37,14,3.5,0,19
"d6330434",100,50,0,0.67,33,4
"1230e55b",59,6,0,0.4,33,17
"93665027",23,23,0,0,0,13
"7285fe76",71,65,18,2,25,17
"35a3eb04",47,18,17,4,0,34
"12dfff42",48,42,36,2.5,33,33
"0f7df9ef",31,15,25,3,33,26
"4c847cf5",53,12,0,1.14,67,58
"a14c4f8a",47,13,0,0.6,50,15
"19921365",73,40,33,2.2,75,15
"be70e898",34,25,18,1.17,57,44
"d99b1081",67,0,NA,0,0,4
"de1fbb32",59,24,25,0.36,60,17
"d184ffbe",60,20,0,0,0,5
"249811a9",42,33,12,3.67,31,76
"33408889",100,0,NA,1,0,3
"dd22fa18",8,0,NA,0,NA,12
"ca2e930c",60,60,17,2,100,12
"ecdc81c5",100,33,0,2,0,3
"cca6e35e",42,17,27,4.17,69,86
"e3be54c2",61,50,56,2.75,50,18
"5e29214f",78,22,75,0.88,71,18
"c15bf5fd",91,27,67,1.67,20,11
"c28b5fda",54,21,17,1,55,32
"6dcf7ea2",52,20,60,2.17,29,25
"e3020e1b",59,6,0,1.12,78,32
"b359ef0e",58,11,0,1.75,57,23
"ddee91ab",36,36,12,2,50,22
"8d44100e",62,42,18,3.5,100,27
"cc5991c2",100,0,NA,1,0,1
"643c3c82",50,33,50,1.17,25,18
"25ebd856",36,28,0,1,0,27
"fddd60b8",46,31,25,4,75,14
"4d09a2a0",52,15,0,3.5,40,30
"dbde3ba8",42,0,NA,1,43,24
"96d9343d",55,20,25,4,25,20
"74ebc34e",45,5,0,0.5,100,20
"c148003d",47,26,20,1,50,25
"7003036e",60,60,67,3,0,5
"cd443b60",33,0,NA,0,0,3
"f28b4ab0",100,50,0,0,100,3
"a4781b8e",43,14,100,3,100,7
"ca39e4f7",43,14,0,0,100,7
"b3542229",100,100,0,0,0,1
"f65ce0e7",27,9,0,2,60,44
"3f669eb0",83,50,0,1,100,6
"fdfb550d",0,0,NA,0,NA,6
"7b5088e4",77,38,20,1,80,13
"2663ef96",67,67,100,3.5,0,6
"5bbb22e6",63,23,29,2.6,71,30
"6fde602b",29,29,100,3,NA,7
"f97649d4",43,17,25,1,29,23
"8ccc88b1",29,0,NA,0.75,50,17
"f556d451",37,2,100,4.33,50,41
"53e33be6",59,14,40,2.43,60,42
"20efe2ee",41,7,33,3.5,83,41
"4ff6142e",45,16,0,0.33,67,41
"edb495c0",50,0,NA,1,0,2
"3b40e7e4",100,62,20,1.5,67,10
"e4f1c002",92,25,0,0,40,12
"4283bd87",11,5,0,0.67,0,20
"4b3df721",47,7,0,2,33,15
"580bccb9",48,15,0,2.2,100,37
"145b54e0",27,13,50,2.5,25,16
"a4136173",70,30,0,0.4,100,10
"112dd5ae",67,17,0,2,0,6
"77d4df5c",57,11,33,2.17,43,28
"e920fb28",100,100,0,0.5,0,1
"2618f0d3",38,23,0,3,0,13
"f004fdb9",41,26,0,3,100,34
"ad28bf0c",50,12,0,0.5,33,8
"1f460e70",46,18,0,1.5,67,28
"08664e25",65,35,17,2,100,17
"9808eef2",67,22,0,2,0,9
"d56527f2",53,21,25,6,75,19
"166a727b",75,25,0,0.5,50,4
"d9af61ee",45,5,0,4.5,78,40
"0527f4fc",53,35,0,2,20,18
"4272ac21",49,31,36,3.33,50,35
"77a1a5fe",53,7,0,1,33,16
"05e3e0cd",68,21,0,2.5,75,28
"17c7871b",64,45,20,2.5,0,11
"70816e4b",37,0,NA,0.67,40,30
"9b39cd9f",30,10,0,7,60,30
"bc643a18",75,50,50,1,0,4
"a6d39a81",86,43,0,2,100,7
"ce792827",0,0,NA,0,NA,1
"3b029818",69,15,0,1.33,33,13
"de5191a2",15,8,0,1,67,13
"d5d58de6",33,11,0,5,0,9
"f5a41d5c",67,0,NA,2.5,100,9
"a713f3c2",50,10,0,3,33,20
"52dc508f",64,57,50,5,50,14
"c7427467",46,25,0,3,20,27
"46806e8e",41,22,0,0,83,27
"a3c140e5",47,19,0,2,50,36
"8cda1d8e",50,33,0,0.5,0,6
"f677ac47",83,83,20,0.33,33,6
"e4b8f694",25,12,0,1,100,16
"207a13d1",50,25,0,2,33,16
"a817e7d6",50,25,100,3.5,NA,13
"2c678d63",64,0,NA,3,100,13
"cd8818fe",100,60,33,3,0,6
"4f5bafe4",47,16,0,2,62,38
"3318c7e8",43,20,33,16,67,46
"9090977e",57,24,0,0.75,40,21
"35af34eb",48,13,33,2,25,23
"ca6276c2",43,21,0,1,25,28
"0eecced4",70,15,0,2.33,67,20
"c8037b78",41,18,50,2.25,67,22
"63cb1ea5",40,20,100,1.5,0,10
"9df8a176",70,40,25,4,100,10
"0d2baef8",39,3,100,1.8,40,31
"4dbc0064",71,29,0,3,0,7
"26077fad",100,0,NA,2,0,1
"b25b7209",25,25,0,0.67,100,4
"3d3cd3c8",46,38,40,2,0,17
"73fe455e",42,18,0,0.62,33,45
"aa105867",55,5,0,0.5,50,23
"79eee8db",51,30,12,2.8,62,57
"fb49f43d",80,60,0,4,0,5
"77d196c2",60,40,17,2,80,15
"f590690e",45,18,0,0.5,33,11
"3c089814",45,18,0,5,33,24
"baa3ef18",60,20,0,0,33,5
"82e068e7",50,21,33,4,50,14
"d99c875f",40,25,10,7,43,44
"86db842b",46,24,0,0.8,71,50
"25cbb228",61,17,0,0.6,50,18
"6d8df652",100,0,NA,0,0,1
"518e0e75",47,12,100,9,67,17
"f8e886d7",45,5,0,0.5,71,20
"5c0aaf40",48,23,0,4,43,56
"514f9e5a",47,12,0,1.75,100,17
"c20f1c62",60,60,0,0,0,5
"c9472a76",69,42,18,13,50,26
"7d5d9f41",47,23,0,0.33,67,30
"863061d9",53,24,50,2,80,17
"83106bb7",50,0,NA,4,0,4
"25b71411",63,34,31,1.75,44,38
"dd8a71b9",100,33,0,5,0,3
"f7805a33",60,30,0,1,50,10
"391d5dbb",50,0,NA,3,100,10
"a09efeac",58,21,20,1.75,71,24
"55514ec3",36,16,25,0.5,60,26
"cc88517c",67,17,100,8,100,6
"5bc42878",67,17,100,1,0,6
"f67f1a6f",50,50,0,0.5,100,6
"1dd2c46a",33,33,50,1,NA,6
"8ad98ee2",100,0,NA,2,0,1
"ba099d79",57,52,25,5,75,23
"29d22f56",43,14,100,0.25,33,7
"7043fabd",43,14,0,2,100,7
"24866475",57,14,100,0.25,50,7
"7e171c39",80,40,0,1,100,5
"5f0c29bc",57,29,0,1,33,7
"be284f80",69,34,10,6.5,38,29
"7d6785a1",65,7,67,1.25,40,40
"f461ea43",83,58,14,0.75,0,12
"67f22ca0",0,0,NA,1,NA,4
"9dc1e788",100,50,0,3,100,4
"b49a909a",70,40,75,7,0,10
"1f279a96",32,14,25,1.5,33,33
"f3c183c1",40,26,11,1.5,67,35
"0a56dce4",48,29,17,1.75,62,43
"65fa918d",33,11,0,2,0,36
"66280ff9",80,20,0,2,100,5
"0f4346f6",80,40,50,0.67,NA,5
"51439177",55,0,NA,2.56,33,40
"aea053e0",69,25,50,1,62,16
"9ca73643",60,30,33,3,25,10
"325608a8",62,50,0,2,83,16
"0577d600",60,30,0,2,0,10
"9e85171c",33,17,0,0,0,6
"eb58c727",75,25,0,2,50,8
"69018208",36,0,NA,7,100,11
"3fa0e80d",67,56,20,0.29,0,9
"9f553c4c",66,9,33,1.89,71,35
"8b4eb8d8",55,55,33,2,0,11
"bb0fb115",50,6,0,5,0,18
"173af438",56,18,17,1.8,47,67
"6c3ebdf7",69,9,0,0.27,55,32
"3ef7917b",73,9,0,0.75,60,11
"9dbd12dc",25,0,NA,0,NA,4
"c726bd76",75,25,0,2,100,4
"08e9717c",100,0,NA,1,100,1
"2b066e72",29,14,100,2,0,7
"07835988",100,0,NA,1,0,4
"beabc1a1",70,20,50,1,0,10
"4da1fc91",71,21,67,2.75,75,14
"ec7dd51f",100,0,NA,1,0,1
"cbe3d6f1",71,9,33,0.91,43,35
"76b51c6c",71,53,33,0.9,50,17
"ebdcfc21",67,39,43,1.6,20,18
"adcfdbe1",83,33,0,2,0,7
"fd9b96eb",75,44,29,0.5,100,16
"2640f65f",71,0,NA,0.67,75,7
"470a913f",57,14,0,0.33,50,7
"9b04c7a6",71,29,25,4,100,14
"e0495755",43,29,0,4,100,14
"70dcf78a",50,0,NA,1,30,35
"fb1ae127",54,37,7,3,55,43
"0ef9a86d",53,17,20,1.8,12,58
"529e17fa",42,32,0,0.5,100,31
"6c841aba",50,33,25,1.33,0,24
"ad353749",67,17,50,1.67,0,12
"f01275d2",75,75,0,0,0,8
"c36626d5",69,31,20,2.5,62,17
"5f08b627",54,14,0,1,80,51
"58afc99e",28,23,5,0.67,75,83
"b62f655f",43,0,NA,0.5,0,7
"c50cb2a9",67,67,0,0,0,6
"a0e6bc37",60,45,11,5,33,20
"b48655b3",68,24,0,0.75,71,29
"7bdd9402",38,25,50,1,0,8
"c566309e",100,0,NA,2,0,1
"2fda428d",0,0,NA,0.5,0,1
"a8d0fd97",29,14,0,3,0,8
"59422ef9",70,50,20,2.5,100,10
"ecb3ff17",63,42,12,0.75,50,19
"637eacac",57,14,0,5,100,7
"46ec5ae4",33,8,100,4,100,12
"de2a1fb9",17,17,100,2,0,7
"9a75984c",56,44,27,1.43,50,25
"79c8b84d",33,24,20,4,33,21
"51e3bfb4",60,25,8,0.75,62,48
"5640731e",72,39,29,3,40,18
"a9c28b46",100,0,NA,1,0,4
"aad3c8e3",68,28,0,2,29,42
"98dbc2a4",54,23,67,2.33,100,13
"5e1ab55c",75,50,50,3,0,4
"e92b3918",54,15,50,1.67,100,13
"49782e81",38,31,0,1,0,13
"2e99dac3",58,17,0,0.8,12,24
"7d16a9cf",42,11,0,6,62,42
"56ed546b",50,10,100,4,0,10
"8fa39c79",50,50,57,8,33,14
"8fddd969",100,33,25,0.17,33,17
"68cb68ff",79,43,33,5,0,14
"9aadfdcf",60,27,25,2,100,15
"6ed57b67",52,0,NA,1,50,23
"57a2926c",100,100,0,1,0,1
"e7a439ba",54,17,0,3.5,33,24
"84c411f6",59,18,0,1.67,57,24
"75c9d797",21,14,25,4,100,28
"836ffc6d",38,8,0,2.5,0,26
"379775b4",24,0,NA,1,33,34
"62c54eba",35,32,30,7,50,31
"2b23897e",41,0,NA,1.25,60,17
"5d3d4721",56,44,14,4,25,17
"17180e86",62,12,0,0.86,33,19
"2edcb31b",59,24,0,7.5,67,19
"f1890edd",39,33,17,1.67,100,37
"803aaf41",57,36,20,1,0,14
"858e387c",83,17,100,5,33,6
"0ea9baed",55,27,33,1.67,50,11
"8e6e06ac",100,100,0,0,0,1
"d06c3da5",40,12,0,3,25,25
"5e5a76df",55,25,20,2.5,33,20
"004afe29",80,4,0,1.5,56,30
"5e85c11a",38,20,0,1.43,30,61
"f5e88d0e",52,13,33,2,20,23
"7190fb45",73,27,0,1,100,11
"65ca0867",100,67,50,1,33,3
"bec62550",33,4,0,1,40,29
"5b5a95a9",57,50,0,2.5,67,14
"f785d880",33,17,0,0,0,6
"37443942",60,0,NA,1,0,5
"2dee2cae",47,20,33,2,14,30
"08769da8",71,29,0,1,0,7
"897cc848",50,45,30,5,50,22
"b5fca2f9",50,0,NA,3,0,9
"d69ba757",50,31,40,0.75,43,16
"2f89deb1",50,0,NA,0,0,8
"43e3cd14",22,11,0,1,0,9
"8d5c59c5",50,17,0,1,0,6
"cdc06305",46,21,0,2,67,28
"46430094",43,26,17,0.5,14,23
"31579107",62,34,10,7,50,30
"958d9c84",29,14,0,0,0,14
"791af35b",65,29,20,6,67,18
"1e439b31",56,44,12,1,50,18
"edd1f1ae",47,21,0,0.5,75,34
"c977ea84",32,23,20,2,17,22
"2c85fd84",70,30,0,1.5,100,10
"06262bc5",50,25,0,0,0,4
"867a90d9",72,36,8,0.45,50,38
"96ba0ad6",67,19,14,1.3,80,45
"0c1600a3",56,25,75,8.5,25,16
"d815a66f",11,0,NA,0,0,9
"761e13ec",56,56,11,4,33,16
"2bf5b58e",62,21,60,2.67,43,25
"729ca4df",63,33,11,1.75,67,28
"5d17254b",49,18,39,1.43,62,135
"a1f55488",73,18,0,1.58,57,45
"3ee41681",78,56,40,2.5,50,9
"28494c23",50,50,0,0,33,10
"ce36d9ab",50,50,100,1,0,2
"e84957ab",100,100,0,0,0,3
"81a22a05",57,22,0,0.5,50,23
"09e07751",47,11,0,1.2,40,19
"6dee7de9",46,8,0,1.67,20,26
"42026285",33,11,0,0,50,27
"31342566",42,28,25,13,44,44
"3d3aec2d",59,14,60,2,83,37
"7d1f8998",50,50,0,0,0,2
"2c820867",75,75,17,1,0,8
"1588ce54",48,34,0,1,100,29
"d4ddf418",74,15,25,2.6,50,27
"7e2b3b70",60,40,0,0.67,33,5
"c8fb47e5",48,8,0,0.88,0,25
"7f7a3854",64,41,33,3,44,28
"ca448178",33,33,0,0,0,3
"d97cd53b",11,5,0,2,100,19
"60e90efa",100,0,NA,0.5,0,3
"cf269688",60,40,0,3,100,5
"7924fdab",73,55,17,1,25,11
"5c6e99f0",75,33,50,3,40,12
"34325f1c",29,22,27,0.75,75,56
"395fb556",53,11,83,8,0,55
"9e74cd2f",42,10,0,0.89,57,62
"0612a8db",50,33,0,3,0,12
"91309440",62,50,50,3,0,8
"f7763709",40,26,22,2.33,40,35
"d9085b9c",68,14,0,3.67,57,22
"3bac906b",58,25,0,0.5,33,13
"b019325c",100,50,0,0,0,2
"d4cf1a34",69,46,19,2,40,46
"bf3bbca7",48,32,0,1,100,34
"313d3930",25,0,NA,1,NA,8
"cd728cac",60,60,0,1,33,5
"e4f88774",27,13,12,2,64,60
"1c5a2046",70,5,0,3.25,33,20
"faa86f11",59,41,15,0.75,50,32
"9ddc5410",0,0,NA,0,NA,1
"78179e22",100,0,NA,2,100,1
"27e237e8",61,22,0,0.6,33,18
"92fc6ee5",67,56,40,11,67,18
"7e3fd356",62,50,25,1,100,8
"64780f59",61,6,100,1.43,20,18
"cffda02b",100,100,0,0,0,3
"cb3c3281",35,10,0,0.5,0,24
"eb22f28a",55,20,10,4,50,53
"2385ba7c",62,28,0,3.33,33,29
"f2eeed14",71,14,0,5,50,45
"7d1a4623",45,36,0,0,0,11
"062efda4",46,8,0,1,67,24
"41739dc8",38,4,0,9,0,24
"e5f53bf1",57,57,50,5,0,14
"0466408f",75,42,0,2,100,12
"22bab189",88,88,0,0,100,9
"bf4db616",67,33,0,0,0,3
"010f4c6c",72,38,18,2.4,50,37
"656e9d15",53,18,0,2,75,55
"b08ae624",65,24,50,0.6,33,17
"9dfb6234",52,45,21,1.67,89,42
"0df257c4",92,31,50,5.25,20,13
"17133418",75,50,0,0.67,0,4
"f46b9a6f",71,21,33,2,33,14
"2419cab6",53,35,33,1.5,86,17
"a6064fd4",33,20,0,6,40,15
"52d65949",50,0,NA,2,0,2
"3f4439b3",18,14,0,2,50,23
"015e3839",47,30,0,3,0,30
"873710ec",100,0,NA,2,0,2
"af757932",43,29,62,2,50,28
"f8b2a73c",41,30,5,0.89,71,77
"10b19383",58,0,NA,2.2,43,13
"56922c0e",36,31,0,0,67,37
"86378a2d",38,5,0,0.83,50,21
"4e656daa",22,11,0,2,0,9
"d66f9b77",77,46,0,0.75,50,13
"13a7bb83",55,42,25,4.5,67,38
"e90cfd3d",47,13,50,4,0,15
"50bf982f",55,14,0,2,0,29
"5a9e39c7",57,33,30,2.67,60,32
"9910fb1f",22,17,0,1,33,18
"aa659341",76,64,0,2,60,32
"644e854a",64,27,33,5,0,11
"cc3f0815",91,45,0,0.5,100,11
"e384c002",17,17,100,1,NA,6
"43d86fa8",58,42,0,0.33,40,12
"58be122e",40,33,20,5,100,15
"e550171f",71,29,0,1.5,50,15
"b74413fe",26,5,0,0.33,33,20
"70ae2ec3",67,17,0,3,60,20
"e26752ad",52,14,0,1.17,50,21
"ea4a63ab",25,25,50,4,0,8
"56082a1b",100,100,0,0,0,1
"be5849a1",24,19,0,1,50,37
"8951fb92",80,13,0,0.5,36,15
"cb59ad25",62,12,100,1,40,8
"41e8390b",34,34,0,1,33,39
"b2e05d73",41,18,25,5,50,22
"f0d3e570",80,0,NA,0,NA,5
"966e8ac9",32,14,0,7,50,22
"044ebfb7",71,35,17,4,100,18
"ce30b2d7",33,33,0,0,0,10
"a0289042",48,37,5,3.5,56,60
"c854375b",89,78,0,0,0,10
"5a2fe43d",79,36,40,2.33,100,17
"68574890",57,26,33,5,60,23
"a15d2ea1",20,5,0,2,100,23
"da3d90d6",50,25,100,2,0,4
"cd5d47e6",49,21,0,4.5,67,43
"5ed13916",54,13,14,0.75,67,52
"4daa7bba",34,23,0,1.5,33,45
"92e1220d",50,50,0,0,0,2
"7ff7df56",50,0,NA,1,0,2
"b81aec0e",45,45,11,3,100,20
"d611579e",47,30,17,3.67,67,60
"5dd8c71c",55,40,12,3,100,20
"b15dcef6",35,5,100,4,100,20
"b95c3395",47,9,33,4.5,33,32
"2ec024f3",38,24,8,5,43,50
"95d0a8a0",36,21,0,2,67,14
"a577255a",75,55,18,1,57,20
"6de6bec3",20,5,0,5,0,20
"9c109d43",62,54,19,1.6,42,80
"2fcd4bc8",67,50,0,1,50,12
"f193e000",24,11,0,0.14,71,70
"cc1f2fc2",40,40,50,1,0,5
"a0aec406",40,31,18,3,67,41
"3b5fe6f3",37,14,20,1.33,67,41
"2fd4fd97",100,0,NA,1,0,1
"ba897543",58,4,0,1.45,30,48
"2c79dc1c",86,24,0,0.5,56,27
"a5da02c5",100,50,0,0,0,2
"0f5d7790",33,9,25,2,25,46
"57665254",52,30,43,3.5,67,24
"430cf1e6",67,56,0,0,25,9
"6a289360",45,28,38,4.5,50,31
"92d08737",60,20,25,1.67,67,22
"cbf35cf5",87,40,17,1.5,0,18
"baf37589",39,39,0,1,67,18
"e73ba586",61,6,0,4.5,67,18
"76ade46c",50,0,NA,1.6,100,13
"279673fa",33,0,NA,1,0,3
"1e387ea5",53,5,0,1.5,0,20
"c182e243",41,30,0,6,60,37
"79794a78",42,35,0,0.67,100,37
"de6369cd",38,12,100,3,0,8
"f4de25bc",35,24,14,1.09,50,88
"2a9065db",33,0,NA,2,0,3
"e212c119",48,40,10,6,50,25
"be25a703",53,7,0,2,0,15
"3d95ca8b",56,26,0,1.5,62,27
"dd3936af",71,7,0,0.89,17,14
"5d4f56e8",52,36,8,1.6,70,34
"631434ae",50,25,100,2,0,4
"a74e5646",75,38,100,9,40,8
"5942a136",75,0,NA,0.12,60,8
"4929fad5",25,8,0,2,0,12
"b9b27194",61,49,20,1.18,43,57
"3201dd0c",57,57,0,0,33,7
"16b1b577",92,65,47,21,50,26
"783c6567",90,90,0,0,100,10
"c0e0354d",38,0,NA,0,0,8
"c014c8b5",70,40,25,2,67,12
"9ce10435",100,100,0,0,33,4
"4a0ce736",37,3,0,1.27,45,37
"da0149e3",37,16,33,1.2,60,23
"b58f5649",58,33,25,2,0,12
"a93a5526",39,28,0,0.5,0,18
"09c28cc5",50,17,0,1,50,18
"065e08b2",51,38,7,1.4,25,39
"9d72b7e5",29,12,0,2.5,25,24
"a778be11",64,27,33,1,33,11
"900aa28b",40,40,25,4,40,10
"6ce617c1",70,24,25,1.8,56,43
"7b26dd26",56,33,0,2,33,9
"cf458cdc",64,25,14,3,67,40
"df882189",75,50,0,0,33,4
"1e5329eb",50,24,0,1.67,58,46
"12ef7ccf",75,33,50,1.5,100,12
"82b57051",58,25,67,6,NA,12
"71fb40d2",36,27,33,3,33,11
"5fa87ae2",61,11,100,0.89,75,19
"09ac5e65",67,13,50,9,100,15
"2c1cce91",46,23,33,4,100,15
"6f75aeed",100,50,0,3,100,2
"d92b69fd",0,0,NA,0,NA,2
"95fbc8f5",80,20,0,0,100,5
"ee70450c",59,53,33,2.8,40,54
"6d9be133",33,25,0,1,0,12
"e2c584e9",63,43,15,1.33,33,30
"0217df8d",75,25,50,3,33,8
"99e5458f",50,25,0,1.31,45,40
"56a2b71b",60,0,NA,0,50,5
"194f41d5",60,20,0,3,50,5
"4eb11015",60,0,NA,1.4,50,10
"f610dadb",70,30,67,1,75,10
"acade5c0",45,12,0,2.5,100,38
"b1341e7b",38,22,0,7,0,32
"8a2693dc",100,33,0,0,0,3
"64ff26cc",40,33,20,5,80,15
"d067c4ba",73,60,44,2,80,15
"b37f579c",80,40,25,1,0,10
"de975f74",60,20,0,2,100,15
"4736251b",57,50,14,2,75,15
"c6d58113",100,100,100,1,0,1
"dd2d0a63",78,33,67,6,100,11
"44b55406",66,13,0,2.13,59,82
"9edecddd",57,57,25,2,0,7
"e0b06482",52,28,38,0.83,36,29
"bff5db8c",53,29,0,0.5,25,17
"32ca6a17",51,31,17,4,100,39
"b47d6fc4",34,17,14,3.5,55,126
"b7859a08",100,100,100,1,0,1
"5c3b9dc8",71,19,25,2.33,60,21
"c6a4a51a",100,0,NA,0,0,1
"572caf98",67,67,0,0,NA,3
"e0048822",100,67,50,4,100,3
"d2807c20",38,25,21,4,43,57
"112307f1",100,100,100,1,0,1
"893aaacd",45,45,60,3,50,11
"6ad6fe46",45,18,0,1,100,11
"e92ba41a",56,41,9,0.86,17,27
"5db0a4fe",17,17,0,0,0,6
"8cc01d1d",41,24,0,4,67,17
"d6a9e674",47,12,50,0.4,33,17
"3739cf93",71,43,0,1,0,7
"0b93abed",100,67,50,1,0,3
"83feb89f",33,17,0,1,100,6
"372a44af",100,0,NA,0,0,1
"97fd585d",60,40,0,1,0,5
"f9ca357a",35,31,0,0,67,37
"4a64cc68",83,67,25,2,100,6
"40c82308",50,50,0,0,0,2
"49988820",67,0,NA,4,100,3
"2e0f25fe",54,10,0,1.83,80,39
"f38cd94b",37,22,33,6,0,27
"9e91638e",50,15,29,3,29,46
"061f1cc9",43,2,0,1.67,71,46
"980e2856",30,22,0,5,0,27
"e8e96772",44,33,33,1.33,100,27
"e36f635a",48,26,0,1,75,27
"5cbd534c",33,15,25,3,33,27
"15c112df",27,27,0,1.25,33,14
"052d67e0",50,0,NA,3,0,2
"b3b69b81",54,4,0,13,50,28
"a2bee868",4,0,NA,0,NA,25
"a3ebb758",44,0,NA,0,25,9
"03707f55",50,25,33,3,75,12
"8ecf6a47",67,0,NA,0.75,25,7
"3858685e",41,14,0,3,60,22
"b6ffab5c",65,20,0,3,60,20
"4ec4c7d4",50,50,100,2,100,2
"82f56c88",20,20,0,1,100,5
"bb70e847",25,25,50,1,0,8
"ef6dc3e4",69,0,NA,1.3,38,26
"72189da5",40,30,33,4,0,10
"f84cef5a",61,17,0,2,75,20
"d5e24641",100,100,0,0,0,1
"129cf74a",48,48,12,1.43,57,33
"86c8f78a",67,17,0,6,50,12
"9ec3fc89",47,27,0,1,67,15
"dedba0fb",77,38,0,4,25,15
"753b4ce4",38,0,NA,0.38,0,8
"6d051da4",42,10,33,3,100,31
"c82eee5e",61,33,17,7,60,18
"274ba8d3",83,33,50,6,33,6
"df23a933",64,21,33,4,50,14
"7b6f2255",50,43,33,5,100,14
"64b483aa",41,23,20,0.57,33,23
"0de88e14",56,25,17,7,67,53
"2a61beeb",50,50,0,2,0,10
"446c41f4",37,26,20,2,75,19
"8defef89",66,22,14,1,71,36
"7798b176",52,22,0,7,25,23
"e13b8617",73,18,50,1.25,0,11
"da181bb6",0,0,NA,3,0,1
"d07bcadb",80,40,10,1.67,62,34
"08ccb9e3",50,29,25,5,33,14
"90e51226",67,17,0,1.67,60,6
"66012283",43,23,12,0.78,56,35
"bb00d86d",64,9,0,6.5,40,11
"23515a0e",0,0,NA,1.5,0,7
"55f4ee4c",75,50,0,0,0,4
"719b9a86",43,24,40,1.86,80,24
"9b306739",56,11,0,2,33,27
"319a1a1b",33,14,33,2.5,0,21
"ea2cdb02",100,0,NA,3,0,1
"5c39b8e7",70,63,0,1.33,71,31
"932c3221",42,8,0,0.33,0,12
"3173d1bc",29,0,NA,1,0,7
"8f9e968c",40,10,0,5,0,10
"784a2090",75,19,0,5,73,20
"27c6667e",100,67,50,0.25,0,4
"503e93d9",50,33,25,3,0,13
"1a4d19cc",27,12,33,2,50,26
"3cb21e9b",25,17,25,1,57,24
"5dbbe097",62,24,14,0.44,33,31
"7c9c77ef",75,50,50,4,0,4
"41d9c197",100,100,0,0,0,1
"e930fcf5",100,0,NA,0,0,1
"d0996ab2",0,0,NA,0,0,1
"29ca0973",36,25,14,2,100,28
"31faf957",48,40,20,3.5,62,28
"da5c5505",64,0,NA,0.33,33,11
"ebb4d454",75,8,0,1.25,50,14
"e58cf3b7",60,60,0,1,0,5
"b8acfa86",100,100,0,0,NA,1
"5af6536b",100,0,NA,0,100,1
"92430dae",63,26,20,1,43,19
"70e7c8dd",60,20,0,1.5,0,5
"ffdda14f",40,12,0,0.6,100,25
"6600bc62",52,5,0,2.25,40,24
"23fd7ecf",0,0,NA,1,0,1
"741872da",46,0,NA,1.17,78,28
"882422bf",50,50,0,0,50,2
"c21c50f9",53,24,0,1.8,33,17
"9f81c780",33,22,15,2.5,56,58
"d3d6e140",75,50,25,3,100,8
"a9c85795",12,0,NA,0,NA,8
"6258449c",56,33,0,1.5,25,9
"d1069cc1",64,0,NA,2.5,50,11
"3ff134cf",43,14,0,2,60,14
"f88057a6",47,33,20,2,50,15
"d1121ea2",71,50,0,0,33,14
"2bcd0b4c",32,26,0,4,33,36
"45f05151",44,16,0,3,100,25
"15a9349f",36,7,0,0.67,0,15
"235eeed9",29,21,6,7,50,82
"0bf9035b",50,17,100,5,0,6
"ba303d3d",44,44,75,2,100,9
"61bef563",67,11,0,2.5,100,9
"6856972a",43,26,0,3,20,42
"756930d6",48,16,25,0.62,89,25
"26ad2aa8",43,43,0,3,0,7
"74f6e595",80,20,0,1,50,5
"2ea0f6e1",0,0,NA,0,NA,1
"1745950d",29,12,0,0.33,25,17
"14152ced",35,15,0,11,100,35
"bee4224e",62,38,20,5,20,13
"074cf29b",72,17,33,0.6,56,18
"f453303d",100,0,NA,0,0,1
"ab531367",100,100,0,0,100,1
"b7197218",40,20,0,0,NA,5
"2ba2a23a",80,60,0,0,100,5
"5729f5b2",80,25,20,0.88,75,23
"a4fe6dca",100,100,0,0,0,1
"58fb35f9",42,26,40,2.67,50,19
"beb0b810",100,100,0,0,0,1
"d5cc4c0b",42,33,50,5,100,12
"2d95aec4",62,12,0,1,0,8
"2308238d",38,12,0,2.5,50,24
"3c987817",40,30,33,2,0,10
"7a8b0a1d",71,0,NA,0.5,50,7
"c1ce28a2",100,0,NA,0,100,1
"2f78ebdb",0,0,NA,0,NA,1
"b07ffab5",60,0,NA,0,0,5
"cdbd0922",40,20,100,1,100,5
"3ed56f85",50,25,0,1,NA,4
"b23b3bfb",75,0,NA,0,100,4
"9cdeaa93",75,0,NA,0,0,4
"b3787a8e",50,39,43,4,100,18
"18fddf65",56,0,NA,2,50,18
"ef442ef8",36,29,50,3,100,14
"d8f54f43",100,0,NA,1,100,1
"6f384703",29,14,0,2,100,28
"ac24e4a0",36,14,0,6,NA,28
"0f632dc7",100,50,50,8,100,4
"47c73574",50,0,NA,0.25,100,4
"123daf8a",34,21,0,1.33,56,62
"789905d4",100,50,100,1,100,2
"0970f629",100,100,0,0,0,1
"bf9ca008",33,22,0,0,0,9
"1c73ec70",52,24,25,2,50,33
"56e63d0c",59,22,17,1.33,86,27
"297348e8",67,67,0,0,0,3
"30bf4550",73,37,7,0.83,38,49
"94e2d0ae",37,21,75,5,0,19
"35e454fa",76,44,45,3.5,33,25
"02efc4cd",100,50,0,0,0,2
"19ecaf2b",58,10,0,1.2,62,31
"e4acf638",50,50,0,0,0,2
"c71dcae0",59,18,50,2.2,38,22
"cb4071a3",0,0,NA,0,NA,1
"962cf4cb",40,30,67,2,NA,10
"1134b0ff",60,30,0,0,100,10
"e3359934",71,43,33,2.5,75,7
"0fc1cd09",57,29,0,1.5,50,7
"eb7a9856",45,13,43,1.33,62,55
"9d9f8e61",43,29,100,1,0,7
"24acde18",22,22,50,3,0,9
"2af59248",63,26,22,1.2,38,38
"ca565d6f",83,33,50,3,NA,6
"df9fd631",50,33,50,1.5,100,6
"c062c1e5",32,5,0,1,50,20
"19a3d61d",45,12,0,2.6,17,42
"3dddbea6",50,35,11,1.5,71,26
"cb7dfbf3",59,0,NA,1.4,17,22
"16821774",67,67,50,1.5,0,3
"a9547a37",58,8,100,2.57,29,26
"e673ece7",47,23,10,3.8,80,43
"d211e1d6",74,47,22,1.17,75,19
"3a2f983b",100,50,50,1,100,4
"dacfbbcf",36,18,50,1,100,11
"83f41842",33,8,0,1.5,0,12
"30dd3172",42,19,17,1.4,60,31
"c55854c0",48,16,0,1,17,44
"b2815f96",48,13,67,2,50,23
"3f76bdeb",37,26,0,0.67,0,19
"4b43dea3",30,20,0,0.5,100,20
"17786a23",87,40,17,1.33,17,15
"cf9148a1",50,7,50,2.67,67,28
"9a240faa",100,100,25,1,0,4
"5228cef3",33,22,50,0.67,67,9
"a79ac5bb",70,0,NA,2.75,20,10
"16758607",4,0,NA,0.2,100,26
"6acd5f87",46,21,17,2.4,83,28
"66b22c9a",36,0,NA,0,50,11
"6be628f4",50,50,0,0,0,2
"b3b7da89",60,60,33,2.5,100,5
"3d5d5cf1",85,0,NA,1.33,50,13
"459f116c",38,8,0,2.67,33,13
"ddfa8fff",90,20,25,2.5,25,20
"0b3e5b6f",54,17,25,0.86,100,24
"94cbc288",80,0,NA,2,0,5
"964b2a5a",50,0,NA,0,25,10
"d51e5e75",43,29,0,0,0,7
"85164a26",67,33,0,1,0,3
"c63cad2f",71,71,60,7,100,7
"11199eb0",67,17,0,0.33,0,6
"1b403dcd",43,14,0,2,0,14
"fe42a987",33,33,0,1,50,9
"56072627",71,43,0,4,0,7
"7ade6c70",47,20,33,2.5,0,15
"ca83a7f1",21,16,33,0.5,50,19
"7c3aba50",47,24,0,1,100,19
"8683bd6e",100,0,NA,1,NA,1
"aab0f555",0,0,NA,0,100,1
"c68b7fde",55,27,50,1,86,22
"f89ef600",53,33,20,3,100,15
"4ddf6ff4",53,0,NA,1,50,15
"f7109c03",50,6,0,2,60,16
"a49ba1d7",25,0,NA,5,67,16
"53bff7da",100,100,0,0,0,1
"ea2c11cd",31,23,0,2,67,13
"224c9255",44,11,0,0,0,9
"73b62397",44,22,0,2,0,9
"59a302e3",42,4,0,8,33,24
"ef9212ac",34,24,0,1.6,64,89
"dd8b08d1",38,35,11,2,75,26
"34456815",69,69,56,9,67,13
"dec3633d",64,36,50,7,50,11
"428df047",64,0,NA,0,100,11
"2951c8bd",60,60,33,1,0,5
"2f13fab1",62,12,100,0.75,100,8
"6b09c9aa",42,11,0,2,40,19
"ceb66ef6",58,26,20,1,50,19
"46c2bd23",56,33,33,1.33,75,11
"3b252211",62,50,25,2,0,8
"6197f815",67,0,NA,0,0,3
"ea7bb99f",100,100,75,3,100,4
"799aa407",31,25,25,1,0,16
"e0cf1443",65,0,NA,6,100,17
"ae2cd8fa",100,0,NA,1,100,1
"6aeea11a",0,0,NA,0,NA,1
"947dad95",83,17,0,1,67,6
"e987a0df",50,17,0,2,67,6
"c6b0697a",55,18,0,4,33,11
"fdcf7fef",44,44,0,0.67,0,9
"6170e8ae",62,38,0,1,0,13
"71e0e02e",40,20,7,8,71,70
"094c7bf6",88,88,43,4,100,8
"7f09836e",100,0,NA,0,0,1
"51877b66",64,55,17,1,25,11
"72e114d0",0,0,NA,0.5,0,1
"2284863c",100,75,33,4,100,4
"d2afec09",100,25,0,0.67,0,4
"f18c63a0",73,27,33,1.25,0,11
"3c6b87fb",41,27,17,0.8,50,22
"6bb95f39",100,50,0,3,0,6
"fface2f4",52,39,23,8,40,33
"1973b70c",78,56,20,1.5,20,9
"dafd6073",50,31,0,2,100,19
"14e9f7ab",100,50,0,1,0,6
"ca753a6a",62,50,0,1,33,8
"5e0482fc",67,67,0,0,0,3
"ac9db3b9",64,27,33,0.83,20,11
"b0842b0e",0,0,NA,2,0,1
"9244b549",73,35,0,1,50,26
"93129bbe",100,100,100,2,0,1
"8350baaa",43,6,33,1.8,88,51
"6076a306",41,14,33,1.5,25,22
"27450ef5",56,33,17,1.67,57,18
"e5d88c4c",70,50,0,1,60,10
"670b0bab",67,17,0,1.5,100,6
"89924c85",50,17,0,0,NA,6
"36b74e8a",100,100,0,0,100,1
"2e7b79d1",0,0,NA,0,NA,1
"659e0b9f",33,0,NA,7,100,18
"d96b9c70",24,6,100,3,0,17
"89c3ae3b",42,33,50,2,100,12
"72709d7a",75,75,0,0.75,0,4
"0aa6336a",33,11,0,1,100,9
"459c9e87",38,25,0,0,100,9
"b2604ae8",89,22,50,1.75,50,9
"57939e0f",56,22,0,2.33,75,9
"ad8806b8",42,19,0,0.8,50,26
"bde09018",38,12,0,4,0,8
"9e23e135",33,0,NA,0,0,4
"d61ae3cf",75,50,50,0.5,100,4
"a20de232",40,12,0,5,0,25
"8f994e8f",51,37,31,2.5,0,35
"bbe1c310",38,38,17,0.25,33,16
"a563ce4c",50,0,NA,0,NA,2
"07e4362e",50,0,NA,3,100,2
"1120c250",37,26,8,1,62,58
"5e641b88",50,0,NA,0.67,0,4
"2d3f9676",22,0,NA,0.43,83,55
"bac44430",53,0,NA,0.88,43,55
"c916f21c",42,33,36,1.12,57,43
"48d0c5a4",80,0,NA,5,0,10
"3866c12e",73,33,0,0.45,33,15
"bf76577e",100,38,50,4.67,100,16
"66ffece5",67,17,0,0,0,6
"6e57b123",54,36,21,1.25,100,39
"a9f5df96",100,50,0,0,0,2
"1f39bf0a",50,10,0,1.83,60,50
"f7ea2899",50,19,0,0.33,25,17
"f34dc122",67,0,NA,2,0,3
"61da886b",40,40,50,1,100,5
"a3e839d0",20,0,NA,2,NA,5
"4f6f473f",60,20,100,2,100,5
"54e7a6fc",44,28,40,3.5,25,18
"c42c7509",92,38,20,1,40,13
"866251f8",50,20,0,2,0,10
"2e1cabcd",50,39,7,1.33,60,38
"6bbe92d1",38,0,NA,0,NA,8
"402231be",100,62,0,0.5,100,8
"fb678e83",50,50,0,0,100,2
"04bc363a",50,50,0,0,NA,2
"0ead09a2",40,20,0,0,0,5
"6f3c3489",65,40,12,1,80,20
"14cdb773",100,100,0,0,0,1
"75742fb5",50,18,0,5,50,22
"ccdbe24e",100,50,0,2,0,2
"5062f5af",66,45,23,0.55,57,36
"85664405",36,18,50,3,0,11
"cfe32518",74,5,0,3,33,19
"344920a0",0,0,NA,0,NA,1
"ce942d8f",72,56,57,3.6,43,28
"cb7f41a3",48,0,NA,0.78,40,23
"905c93c4",30,10,50,5,25,20
"0a2b8f45",39,24,0,9,100,59
"81d60f34",45,10,0,2.33,33,20
"6e3f7d50",56,36,22,5,0,25
"4f0beb5a",71,29,0,6,0,7
"ad51392c",48,20,40,4.5,25,25
"2a08f8bd",42,21,0,4,67,38
"8b91743d",69,0,NA,5,20,13
"3cc9af93",33,33,0,0,0,9
"601e69c2",100,100,100,1,0,1
"8c50f66b",48,19,0,1,100,42
"353435d0",67,33,0,2.67,50,18
"be105937",33,0,NA,1,NA,3
"bee426e7",33,17,33,1.25,33,18
"bfaa3a46",50,6,100,4,50,18
"175857b8",82,73,38,1.5,100,11
"ddb7d4dc",50,25,0,2,0,8
"6f654564",57,14,100,3,100,21
"c6145560",100,100,100,1,0,1
"67db6671",75,25,100,3,0,4
"ceba8850",75,0,NA,0.67,100,4
"d46418f3",64,0,NA,0.86,33,11
"b35b7996",43,0,NA,0.8,60,21
"1027cb35",35,12,0,0,100,17
"e8bb9e90",41,35,0,1.2,0,17
"43768e07",75,25,100,1,100,4
"94222e49",25,0,NA,0,100,4
"bb4a678a",75,25,0,1,100,8
"c977e78c",50,12,0,1,NA,8
"1f7c28f5",71,57,0,1,100,7
"e6cc543f",100,0,NA,8,0,7
"0e687310",76,32,9,1.57,60,34
"9152b228",83,17,0,1.33,0,6
"48a19b09",67,22,0,1.33,0,9
"b0977ff8",43,14,100,0.5,0,7
"514da393",59,44,25,0.75,80,27
"346b2ca9",38,0,NA,1,100,13
"f740139a",75,25,0,3,NA,4
"8451d49d",50,25,0,1,100,4
"65f5b052",45,36,25,1.33,67,22
"3baf7bdf",50,15,0,1,70,48
"ca5ab8b9",55,27,0,0.5,0,11
"931bc051",52,22,12,1.19,71,76
"0a2c29bb",43,29,50,1,NA,7
"e3614e72",57,29,0,2,100,7
"dfe23a6e",67,0,NA,2,100,6
"af054027",100,0,NA,0,33,7
"4b18adca",43,29,50,1.67,0,7
"82c716c9",30,3,0,1.17,50,33
"1c31ebf3",85,60,8,4,44,20
"514c93fd",57,29,100,2,0,7
"617d8ec5",100,12,0,0.33,40,8
"25c7e150",60,60,44,6,NA,15
"fa6391f7",47,13,0,2,67,15
"b11f9d4d",29,7,0,0.25,0,14
"37662b14",32,16,0,11,80,31
"d9b4499d",33,0,NA,0,NA,3
"a55e3771",67,67,100,3,100,3
"e87e6ea1",100,100,100,1,0,1
"959a58d8",42,17,0,1,33,12
"6d8c1482",44,0,NA,1.67,67,36
"c6d8edeb",71,21,0,0.67,58,24
"1cfd6787",83,39,11,0.67,50,23
"30290cdb",100,33,0,0,0,3
"c0370332",100,50,0,0,0,2
"bb634a12",55,18,0,0,0,11
"e0c92dfd",30,16,12,2.33,56,50
"da0a433e",36,29,50,1.33,25,14
"b3df35f1",67,33,0,0,100,7
"3b0e3bce",67,33,50,4,0,6
"1a2a3b9a",65,32,17,1.22,80,38
"ca900c10",100,50,50,0.5,0,4
"2a29fb62",46,31,25,3,0,13
"eca81f02",46,38,30,2.25,67,26
"7d7f41f4",76,0,NA,0.29,50,17
"f7d4022a",44,24,33,5.5,60,25
"5e512efe",64,45,20,1.33,40,11
"bcd48afc",62,0,NA,2,50,8
"ba9fa082",80,80,25,1,100,5
"0af32e41",62,12,0,0,0,8
"1d0e0220",61,55,24,1,62,31
"57095c65",80,40,0,0.5,0,5
"d1bb4aba",80,10,0,10,100,10
"7ec1f870",61,31,6,3.67,64,61
"c633d04c",39,34,7,1.5,75,41
"06573a36",42,17,0,3,67,12
"a45ecec4",74,32,50,1.83,75,19
"91fefa52",46,12,0,1.86,60,65
"61431614",75,25,0,2,0,4
"bedf98b8",50,30,0,1.29,50,20
"d9fc331b",37,19,40,4,40,27
"3d8c6c21",30,6,50,0.43,86,33
"d7f6ed48",48,30,25,1.75,33,27
"0becf361",47,16,0,0.75,25,19
"0ca4cbc7",50,0,NA,0.5,60,12
"468bb78a",86,29,0,4,100,7
"8ca82832",75,75,33,0.67,0,4
"1ee680bc",38,8,50,5,100,24
"7cb2900a",42,8,0,5,100,24
"d7590d50",11,11,100,4,NA,19
"710f20b6",42,26,0,1,100,19
"c19b35d6",55,18,0,1,50,11
"071de82b",100,0,NA,0.5,0,1
"65977f13",21,18,17,5,50,33
"148ca9ed",50,50,0,0,0,2
"9eec4d02",62,41,14,3,38,34
"3c0f757a",67,13,50,5,0,15
"69fa10a8",43,24,0,0.5,50,21
"0aae40cb",81,44,29,5,29,16
"5471797d",50,33,0,3,60,12
"f6da2b59",50,25,100,1,NA,4
"a804d1f9",33,22,0,0,0,9
"db055105",40,20,0,1,33,20
"83580d98",100,100,0,0,0,1
"5707ff44",67,33,0,0,0,3
"f8e401af",29,18,0,0.4,50,34
"c88d6e5e",92,85,9,3,40,13
"0cb1152b",33,0,NA,0.5,50,18
"e035453d",44,22,25,3,67,18
"9cd57547",75,75,0,0,0,4
"ac943d7b",51,30,6,0.71,55,105
"497cfe98",45,20,25,1,67,20
"d1c1ac75",83,8,0,2,0,15
"722b4a41",50,28,0,2,20,18
"a64b86ef",67,33,0,0.33,0,6
"a4245831",40,0,NA,3,33,5
"b068d6ec",64,0,NA,0.67,80,11
"1ac3c9dc",58,23,33,0.88,60,26
"4817f7fa",44,17,67,9,25,18
"4ee15eb4",44,44,0,0,100,9
"354b597b",44,11,100,1,100,9
"19ddc755",83,17,0,0,50,6
"1138ab78",67,50,0,1,67,6
"34d7aa6c",75,25,0,3,100,8
"940616e9",83,33,50,1,0,7
"d5d85e22",62,0,NA,0.29,50,23
"7ab3a967",100,0,NA,5,100,4
"8e0341ee",75,50,0,0.17,50,4
"841bab23",100,86,17,1,0,8
"3a9150d9",47,29,0,1,100,17
"5fe98cc2",50,33,0,1,NA,7
"2c856a24",43,43,67,2,100,7
"e5ed9937",75,0,NA,0.17,75,4
"fb7bd9d4",75,0,NA,1,67,4
"7ca3d52d",0,0,NA,0,NA,1
"dc3c103d",50,29,0,0.5,43,14
"f03dcc3d",33,0,NA,1,100,3
"5ccfc1da",60,60,0,0,0,5
"3d67a4d4",47,24,0,2.5,33,34
"4b3b930b",69,69,33,3,50,13
"71aec856",83,83,20,4,100,6
"1cdd30e4",33,33,0,0,0,3
"46aec292",40,20,0,2,50,15
"ca10b0a6",78,44,12,0.4,38,18
"4dab0998",11,0,NA,0,NA,9
"35be16b4",22,11,0,4,100,9
"a6f93105",76,24,0,0.57,25,17
"d72b0d8f",43,35,50,6.5,75,23
"879b37a5",77,15,0,2,25,13
"049e195b",50,17,100,1,0,6
"f7841ff8",40,0,NA,2,NA,5
"bbf5caa5",80,60,0,0.67,100,5
"58097062",75,17,50,9,33,12
"9bd87401",44,32,25,1.62,71,25
"5cb6ec73",71,29,20,2.5,67,17
"d7ba2221",64,29,0,3,71,14
"753e6303",70,20,0,0.2,50,10
"beb31c6a",100,33,0,5,100,3
"e23d793a",0,0,NA,0,NA,3
"e64e4904",67,5,0,1.12,25,21
"0836e5d5",42,30,35,2.89,83,76
"fb1b919e",58,46,17,2,80,26
"7e5c5790",70,20,50,1,0,10
"5efeae7a",50,25,0,0,100,4
"9e962338",25,0,NA,4,100,4
"0e3cfccc",60,20,0,2,100,10
"e6eff826",67,0,NA,2,0,6
"be1dd2b1",80,20,0,3,33,10
"ec7c71ad",30,20,50,4,100,10
"2ec9c7ad",50,0,NA,0,0,2
"c6623f59",47,12,0,1,0,17
"a5d72b3a",35,28,0,0.75,62,41
"20ea3238",40,33,0,4,33,15
"a4c4018f",48,38,9,0.4,57,29
"410351c4",50,17,0,3,0,12
"4acdc03f",100,100,100,1,0,1
"e9cb44a8",57,36,20,1,100,14
"f3a257d0",100,100,100,1,0,1
"5077670d",41,21,0,2,67,30
"66148a85",50,50,0,0,0,2
"b009b632",63,11,0,3.25,0,21
"2b5c3a4f",57,33,57,2.5,60,21
"8a9c816d",50,14,0,2,50,14
"f9964e28",32,32,33,1.67,0,19
"ad0357ed",55,19,0,0.43,60,31
"45ff7286",75,75,50,2,33,8
"e46eb25d",54,15,50,1.5,75,13
"c12e5057",80,60,0,1,33,5
"79daa9fe",60,40,0,0,100,5
"9334f132",83,8,0,1.67,0,12
"d956552c",50,0,NA,1.5,0,4
"c8c0b094",100,50,0,0,0,2
"01e84fb3",42,17,0,0.5,50,12
"bf906bbf",50,33,25,6,0,12
"c4f43d51",56,31,20,2,71,16
"78d09634",81,31,20,3.5,50,16
"dd8bd800",55,45,40,1.67,75,22
"8d013120",38,0,NA,0,0,8
"2e7f76b4",71,29,75,3.5,67,14
"022fd959",71,14,50,2.5,50,14
"383a05b1",80,40,0,0.5,100,5
"0252d257",100,100,100,2,0,3
"7c0d3cd2",61,43,17,2.5,57,28
"7647601f",29,18,0,0,33,28
"94c847e8",83,42,0,0.43,100,12
"f996356b",50,50,0,0,0,2
"cd325359",67,33,0,1,0,3
"edfd10df",47,12,0,3,67,32
"90918441",100,75,0,0.6,0,4
"8f04277e",60,60,33,1,NA,5
"fa474097",80,40,0,1,100,5
"136fb45d",67,0,NA,1,0,3
"8afec964",51,22,0,5,33,38
"49f01042",43,18,20,1.25,75,28
"a47ce9e7",100,0,NA,2,100,1
"7cb7000d",0,0,NA,0,NA,1
"5fad05fe",62,12,0,3,100,8
"4d65d796",38,12,0,1,100,8
"4a2bb20c",54,38,20,1,0,13
"7b4bad62",58,42,12,2,25,19
"1fd71292",83,50,0,0,0,6
"b83511dd",44,20,0,6,50,41
"4e97599e",64,14,0,0,40,22
"357d7a68",20,13,0,0,100,15
"6d434798",47,33,0,2,50,15
"fb44434c",50,33,0,0,50,6
"4166a7e3",33,17,0,1,100,6
"504a2c53",58,4,0,2,71,24
"19880229",100,67,0,2,0,3
"01da4d1d",100,67,50,5,0,3
"12988eaa",71,43,33,2.5,100,7
"fe504d17",75,25,0,3,0,8
"c99dba4a",88,62,20,0.57,83,8
"ab15f4ec",67,8,0,2.5,67,12
"a712acf9",67,0,NA,0.5,50,12
"6dbea2cb",67,67,0,0,100,3
"42bedd53",67,67,0,0,67,3
"cda36e19",36,7,0,8,25,28
"e477d23f",58,25,0,0.38,100,12
"f8ea1b5a",33,0,NA,1,0,12
"fa802fa5",58,21,25,1,40,19
"c993e7e4",20,12,67,2,100,26
"77dbaefc",35,27,14,0.75,50,26
"860b5c5a",70,70,57,1,33,12
"75384b40",100,0,NA,1,0,1
"625b324c",33,0,NA,0,NA,6
"72f69663",67,67,25,1,100,6
"ab311fa4",80,20,0,7,67,5
"6c803eec",40,0,NA,0.25,50,5
"73172f5c",58,25,0,0.67,25,12
"4d699543",78,67,17,1,33,9
"b1f55824",75,25,0,1,0,4
"a6ec8624",45,17,20,0.58,0,29
"ab42a9ce",46,27,8,3.33,83,48
"eb26df6f",48,14,33,0.83,50,22
"f1c35aeb",36,14,0,0.75,75,22
"c1046457",54,23,17,0.89,50,26
"891286cc",100,33,0,1.5,0,4
"c99c3eec",46,31,25,4,67,14
"3b0ff137",46,15,0,0.25,33,13
"2141bfc9",41,12,0,0,0,17
"c592621c",62,0,NA,1.75,0,13
"8ab6f71a",43,36,20,2,0,14
"d8a82c9e",47,13,0,1.5,0,15
"90a45a01",30,26,15,6,67,54
"0325a453",63,16,0,1.14,40,19
"b377da18",64,4,0,0.73,44,25
"fbe6e570",40,40,0,0,100,5
"6a510fb1",80,60,0,3,100,5
"16303020",51,36,13,1.88,50,90
"68f06917",29,6,0,1,25,31
"31dc15d4",64,18,0,4,0,11
"eae3ace0",38,10,33,0.5,56,29
"84378eb1",68,18,60,3,42,34
"dbf94eb3",80,40,0,1,0,5
"741085c8",43,7,0,1,0,14
"42c4e4c5",55,18,50,3,0,11
"f84ce0dd",27,18,50,3,67,11
"65f3a018",80,20,0,0,25,5
"e948a921",57,13,0,3,80,24
"5c329835",40,0,NA,1.33,50,5
"0a9132c8",33,33,75,1.5,67,12
"342a7e81",100,67,75,4,0,7
"ee20f0c4",59,25,12,1,54,34
"e49b5a1c",67,17,50,1.25,0,12
"3efcd5a5",56,36,44,5.33,50,25
"e599be82",43,14,0,2,0,14
"3f870de3",68,34,31,4,43,40
"7f51a60b",59,50,18,4,40,22
"74c84b7c",100,0,NA,4,0,2
"66e4b6fd",47,0,NA,0.2,62,19
"94932f12",50,5,0,1,38,20
"845666ee",40,20,0,4,33,15
"0514c962",67,7,0,1,100,15
"1d63fc6a",54,38,40,2,60,13
"59668f57",62,23,67,2,80,13
"4ded9f5e",56,19,33,0.5,33,16
"014052f8",86,29,50,2,100,7
"724f81d1",53,30,0,1.67,50,43
"bfd7b96a",100,0,NA,3.5,0,9
"90f4b545",75,33,25,0.89,60,25
"50b147db",73,18,50,2.75,100,22
"fa5529db",50,0,NA,1.5,0,8
"73d2ab2d",62,12,0,0.5,0,9
"ac423d8d",56,6,100,5,0,16
"2e946259",71,71,40,2,100,8
"3771ef23",50,25,50,1,0,8
"c0964003",67,13,50,2.8,25,15
"ba8635bb",56,3,100,1.78,57,32
"e4b621e5",37,11,50,3.5,50,19
"58bc52dc",64,57,12,0.25,40,14
"727ef942",56,21,36,2.5,50,52
"270c303d",100,50,0,0,0,2
"e4f9c315",29,0,NA,0.33,50,7
"361ca199",57,43,11,0.5,67,21
"564dd4e3",60,20,0,1,0,5
"16ff6be6",80,0,NA,4,100,5
"1c455f53",41,17,0,2,50,29
"75326455",30,19,0,1.33,55,57
"49bbd218",79,36,80,1.38,75,14
"63dbf51b",100,67,0,0.5,0,3
"e5d2823c",50,50,0,0,0,2
"5838f77e",60,20,0,2,100,10
"de7c0e8a",52,13,100,1.8,100,26
"77c1e968",41,27,33,7,50,22
"2b0cf3d7",56,36,11,1.5,40,25
"9929e6a3",62,35,46,1.27,67,37
"a3b43389",100,100,0,0,0,1
"1cf898f2",56,28,20,1.67,100,19
"b11fc68a",64,50,14,0.2,50,14
"aa55947f",83,0,NA,2,0,6
"2da4e43f",50,25,0,0,NA,4
"75c58191",52,29,33,1.11,57,31
"7a343ba9",43,36,30,10,25,28
"bfaa5271",53,5,0,0.6,40,19
"295d2140",40,36,33,15,25,25
"8712a992",50,0,NA,1,0,4
"219f602e",35,12,50,1.33,75,17
"bcb4584c",29,6,0,2.5,67,17
"2a45967e",55,15,0,2,0,23
"ade266fd",100,60,0,0,0,5
"02250a4b",62,15,0,0.8,50,13
"8e25594b",23,23,33,4,50,13
"b5f38023",56,11,0,1.83,86,31
"3dbdcdc2",100,0,NA,0,0,1
"9d2bcc02",64,45,33,1.83,20,33
"46ecf7c6",38,12,50,2.8,33,32
"c38624c9",70,12,33,2.78,33,51
"6952e20f",62,9,50,2.6,73,47
"cf8dd090",86,29,0,1.5,50,7
"985089cd",67,33,50,2,75,6
"9a65ff8d",100,50,0,2,0,2
"a62d36e8",58,7,33,0.25,74,45
"c8f3495f",41,18,100,8,29,18
"a59b4797",27,18,50,3,100,11
"27f63941",45,9,0,4,60,11
"f827a5d9",68,11,33,0.93,27,28
"3fbe7671",75,12,0,5,0,8
"3f1ee8f2",64,6,0,2.5,71,39
"45321c45",40,40,25,3,50,10
"d688e8f0",54,54,11,0.6,50,35
"f5101a75",0,0,NA,0,NA,40
"e73fb7d3",71,0,NA,0.29,75,14
"de29dc7f",52,12,20,1.27,50,42
"1dfc423a",34,29,10,0.83,17,35
"90d147ff",75,75,0,1,50,4
"cbeda991",50,25,100,1,0,5
"3850cad7",60,20,50,1,50,11
"1c97b866",42,6,0,1,55,31
"adf44e9b",100,0,NA,0,0,1
"871411fa",100,100,0,0,0,1
"d2657cb2",70,34,53,3.29,12,44
"614e152b",56,20,20,5,100,25
"f51d2655",64,27,17,4,67,22
"5d4346c7",100,100,100,1,100,1
"d8113ca0",100,0,NA,0,0,1
"749d3625",55,9,0,0.6,100,12
"6be20033",25,8,0,4,0,12
"ab164eec",100,44,50,11,100,9
"72861b10",100,50,0,1,0,2
"ecb31d62",90,60,17,0.83,75,10
"fd38e209",100,0,NA,2,0,1
"4dd0f221",47,13,50,0.8,60,15
"fb899fd1",100,100,0,0,0,1
"6de8a31e",100,100,0,0,100,1
"7826ef65",36,18,0,4,75,22
"e61d65d6",45,41,0,0,67,22
"966dd5f6",50,30,33,2,0,10
"2e5680f3",52,29,33,4,25,21
"35cea835",56,25,0,0.14,20,19
"5b5d19ef",31,14,0,2,43,38
"2b81f037",56,33,67,1.5,100,9
"a7da09f9",60,26,0,5.75,47,53
"9534e311",58,8,0,1,43,12
"38d909d8",38,12,33,1.67,88,26
"5c808879",47,16,0,0.5,29,19
"c79e8dd9",52,37,17,1.6,55,67
"6c00639e",0,0,NA,1,100,1
"64cf45d3",60,21,0,3.25,44,46
"866d6145",42,21,12,3.33,29,38
"56747c81",50,8,0,0.48,40,36
"5897beb4",48,14,75,7.33,100,29
"1ba30afa",78,33,0,1.5,33,9
"ebefd2ce",29,14,0,1,NA,14
"6bd11063",57,57,38,5,50,14
"42ddeffa",33,0,NA,0,NA,3
"d17b0af4",33,0,NA,1,100,3
"3cd7f91f",70,10,0,0.4,67,10
"a0995c5d",77,62,75,10,50,13
"a16baab1",45,11,0,2.33,33,38
"5a17ae79",63,26,40,3.25,25,19
"43bda7f6",67,17,0,4,0,6
"fd0d7353",100,43,33,7,50,8
"9ce479cf",38,38,67,2,100,8
"dc7e7c7d",38,15,0,3,50,47
"1c511a3b",39,18,0,5,33,28
"4096951f",60,5,100,0.67,67,20
"e3b19830",59,29,20,0.33,33,17
"25c44030",56,44,25,1.33,83,18
"34ccb176",44,40,0,3,29,48
"49a36f8b",53,7,0,2,40,15
"10021fda",68,53,0,2.5,40,19
"9021ee22",50,0,NA,0.5,0,6
"135f3d11",70,20,50,0.83,0,11
"69ea9a94",42,20,0,0.77,77,65
"8122be12",67,33,100,1,33,4
"f75696be",46,22,12,1,33,37
"371c774b",46,23,0,2,67,15
"75ba7dbe",10,10,0,0,NA,10
"5367eb11",60,50,60,6,100,10
"8d96f086",24,0,NA,1,67,33
"eb2ffbea",36,11,0,1.67,20,29
"cfa0fe76",60,60,0,2,100,5
"85d3f04f",60,0,NA,0.33,0,5
"c199bd2d",56,15,50,10,0,27
"a0f71305",48,4,50,1.46,56,56
"6850d4eb",25,8,0,1,0,12
"4de892b7",78,33,33,4,67,9
"798e0f33",67,0,NA,0.56,40,12
"f63540c3",45,9,0,0.2,0,11
"ca82e2b8",70,17,0,3,75,26
"32c6074d",28,13,0,1,75,46
"fd9b83a0",50,28,0,0.8,29,36
"47ebaacc",55,27,33,0.83,0,11
"bda35088",53,9,33,2.5,71,32
"e386c198",72,37,14,1.4,62,60
"f74eb0c6",50,17,0,0.5,0,6
"45a943ba",56,25,0,2,100,16
"0320074e",41,14,0,4.5,33,37
"68f6e2b8",44,22,0,2,0,9
"301b6c87",50,18,0,5,100,22
"eac5b172",69,22,46,1.44,38,59
"49416f42",100,88,43,3,75,8
"d40bb7f4",33,11,0,1,50,9
"f649e19f",50,50,40,3,100,10
"294e7fa9",45,36,50,2,100,11
"8e70bdc0",55,27,33,3,0,11
"4a0745b9",75,25,0,0.67,100,4
"51a2ee7c",100,67,50,0.5,0,3
"a4c485f7",40,20,38,10,25,40
"91b02390",57,14,0,5,0,7
"b8af201e",38,15,10,0.61,69,69
"91d7dd16",100,0,NA,1,0,1
"217ea67a",75,50,100,2,100,4
"88192868",67,67,50,0.33,0,3
"36d89a55",80,60,67,2,100,5
"0e94f262",37,0,NA,0.33,60,19
"68e73521",45,18,50,1.5,40,11
"ed3e8754",47,20,20,1.83,54,49
"fdd75001",100,60,33,2,100,5
"4d8d4c6d",33,0,NA,1,0,3
"bd45dd76",86,57,25,2,50,7
"ba0e0676",100,20,100,2,100,5
"8fc15b99",80,40,50,1.25,0,5
"0fb73402",67,33,0,0.6,0,6
"a4e5718f",83,33,0,2,33,6
"b479bedc",100,67,0,2,0,4
"73d9979d",59,4,0,0.67,75,29
"e57e626b",47,25,33,6.5,50,36
"2be8294f",64,9,0,0.67,25,11
"3a5dccb3",78,33,33,1,100,9
"d58a84b0",100,100,0,0,NA,1
"5e265cef",29,14,100,2.5,100,8
"a4c38822",100,100,0,0,0,3
"f690db4a",35,15,0,7,50,57
"1d44bfb9",38,9,25,14,33,45
"e1abf7dc",45,18,0,2,0,11
"7eca2c8d",48,21,22,2.57,67,43
"516532c8",100,67,0,1,0,3
"82900ae9",48,24,14,0.5,50,30
"83c41b11",66,9,20,0.63,41,57
"a10f9797",40,0,NA,1.83,33,15
"cbc01bca",44,32,12,0.7,67,25
"6486fc88",50,7,0,2.5,0,14
"b7bb9af9",67,33,0,0,33,4
"6488e1e2",52,27,25,2,67,44
"44588b31",55,20,25,0.86,43,20
"5852eb8a",40,5,0,1.67,100,20
"b828cfce",42,14,0,0.75,50,43
"83fe4c4c",100,0,NA,1,0,2
"7c45967c",71,38,12,3,40,21
"cf9b88f7",53,13,0,0.56,33,30
"f0dae4be",56,56,0,0,25,10
"b70e4956",50,40,25,1,60,10
"2f51508e",89,11,0,1.25,50,10
"365d2b31",62,31,50,2.33,57,14
"3b11d131",70,35,14,1,50,23
"9f21afd2",64,9,0,0.2,33,11
"8cf3aa94",47,37,43,6,0,19
"1e732c9e",67,67,50,1,100,3
"0c925937",100,67,0,2,50,3
"1273811b",32,23,10,0.75,75,47
"c38d130e",52,28,25,2,0,29
"5e74093e",20,0,NA,3,0,5
"64364c73",53,9,0,3.25,43,32
"ef81a55a",25,25,0,1,0,4
"c99fa0a7",61,11,50,0.62,60,18
"9040685e",100,100,0,2,0,2
"81fac800",57,29,50,0.5,0,7
"1d18aa13",58,15,40,3.43,50,33
"0997e384",32,7,0,0.3,57,28
"b291ba77",31,8,0,4,0,13
"8b137fa0",67,24,0,5,25,21
"695afecc",75,50,50,3,100,4
"3f7c30a6",75,0,NA,0.33,0,4
"4ede096a",86,29,0,1,60,7
"6bf113e5",76,29,40,0.33,50,17
"986decfd",66,36,0,1.5,55,54
"9a91d604",67,50,33,3,50,18
"81eef4d1",33,17,0,0,NA,6
"6d3cd6ad",50,50,0,0,100,6
"b4f6fe7d",57,38,12,1.5,50,21
"c7936fbe",59,35,17,1,25,19
"6a37e1a4",50,32,43,2.25,60,22
"eaff5ffa",36,0,NA,1.25,60,16
"0fb69d5a",83,83,40,2,33,6
"c7797e29",42,7,33,1.2,40,40
"e9557595",75,40,27,5.33,92,67
"4c8a2693",72,28,0,0.8,33,26
"5a8a6f87",36,7,0,1,NA,14
"adb3cab7",56,44,0,1,80,9
"097661bf",67,22,0,3,50,9
"8d8d2eb5",40,10,0,1,0,10
"232b9120",22,0,NA,0,0,9
"c41cc375",53,32,50,2.23,31,76
"0fa6de03",26,10,0,9,33,39
"99abb58d",100,100,100,3,0,1
"920cf99c",61,30,20,1.6,71,33
"63a702f7",35,15,33,0.67,33,22
"9b8e6514",0,0,NA,0,NA,10
"fdde37d7",70,40,25,0.67,100,10
"c5e15a3e",67,0,NA,0.8,33,9
"fd4b05a7",58,10,12,2.56,71,80
"59fc6877",45,18,0,0,33,11
"cdeee7a4",51,8,67,2,75,37
"642904bd",71,9,33,2.2,80,40
"a48ae450",53,21,25,4.33,50,44
"87d4b0f2",60,30,0,0.43,50,10
"75f1213d",55,18,50,1.9,56,22
"15fa72f6",42,12,0,3.33,57,24
"a436acc9",0,0,NA,1,0,1
"39405f7c",31,3,0,1.25,60,29
"5112f2d9",50,20,50,2.2,17,22
"fca38165",36,4,0,0.83,33,26
"e0c8fa45",41,12,0,2.5,50,34
"02d8d7e2",50,50,25,1,0,8
"5b2263aa",50,33,0,2.5,100,18
"42faf5ab",48,19,40,1.14,67,27
"15e630a7",41,5,0,7.5,60,50
"cb74ca8c",73,27,50,1,50,15
"c544fde7",67,44,0,1,75,9
"1fa73f53",100,0,NA,0,0,1
"b1948374",23,0,NA,0,100,13
"8a0e781e",46,38,40,1.33,25,13
"83a8a617",40,40,50,2,0,5
"8172a521",33,17,0,2,0,6
"95f9f8c4",11,11,100,1,NA,9
"19f4df3c",78,56,20,5,100,9
"76e7afbe",11,6,0,1.5,50,36
"709c2055",75,38,0,0,0,8
"a09e4466",53,27,50,1.33,75,15
"912a3e6c",73,60,0,1,60,15
"0dff9d53",56,44,12,2,43,39
"64c619bd",47,18,33,1.75,20,17
"abdb7c2f",45,29,17,1,55,42
"26a03974",0,0,NA,0,NA,1
"f9973dcc",91,9,0,0.5,43,12
"cbd863e8",45,42,12,8,57,38
"b24c29dc",46,23,67,5,100,13
"43f05442",38,11,0,0.92,29,37
"44ff1903",34,9,0,2,50,56
"ef509860",51,30,22,5,70,61
"ac202430",54,38,20,2,0,14
"4360fb8f",48,35,12,2,100,23
"24f9d263",60,0,NA,2.5,50,10
"b364d8e8",80,20,50,1.33,75,20
"93ca8e96",34,17,20,2,57,29
"0dba2e0f",30,0,NA,0.15,57,29
"75d5c532",51,13,40,2.75,50,45
"84809276",40,40,25,1,0,11
"e30b7e36",55,9,0,0.18,60,22
"5fd82cf2",37,24,9,2.5,57,46
"f4984881",68,43,6,1,29,37
"41babd20",52,28,29,0.94,69,50
"432d535e",100,100,0,0,0,1
"4a9ead33",62,62,40,2,0,8
"a45cc256",52,29,17,1,0,21
"67bda29a",43,37,18,0.75,40,30
"864b9f73",53,18,0,0.67,67,17
"701ebf9d",41,41,14,1.5,0,17
"273d69e4",59,47,12,6,100,17
"8ac9767a",53,35,8,1,50,34
"9c760e4f",39,33,17,2,25,18
"777b537e",50,0,NA,0,NA,4
"e9112f06",47,27,75,1,67,15
"727f3e3d",50,50,0,0,100,2
"ecbebecc",50,0,NA,1,NA,2
"e3b474c8",39,27,0,7,25,33
"cfb56f39",36,11,0,3,0,28
"364b386a",50,29,0,0.5,67,14
"acdb8c1c",47,37,18,0.77,67,59
"bb50304d",40,36,25,3,50,45
"bf2ffc89",53,27,12,1.33,50,30
"5d6a2c14",56,30,0,4,60,27
"c0de286c",50,25,0,0.67,0,12
"a93f8745",80,60,33,3.5,0,10
"4ad9f995",54,19,14,1.62,67,37
"38b1ee45",34,22,8,1.17,44,59
"835bd5da",78,11,100,1.29,20,9
"67f04d1c",61,26,0,5,62,38
"b0f34d10",47,29,0,0,50,17
"02c24a3f",26,11,0,2,29,35
"2f827197",40,0,NA,2,0,5
"0828732b",20,20,0,3,0,20
"d549107d",32,11,0,0.5,25,28
"ed9a8434",63,53,20,4,100,19
"37e8db14",58,32,33,1.2,100,19
"1585815e",30,20,0,2,100,20
"85b135e5",46,23,0,0.5,0,13
"4ffd348c",79,36,20,0.86,50,15
"372f58bb",71,18,0,1.6,67,17
"607804a2",78,33,33,0.44,60,9
"cdbd97f9",33,33,33,2.5,50,9
"237998d6",50,33,75,3,33,12
"05c5abb1",90,0,NA,0.5,50,10
"bcccd61e",37,16,0,2,0,19
"28139e3f",47,7,0,0.67,0,15
"b864d50c",100,100,50,1,100,2
"34ed234d",0,0,NA,0,NA,2
"42c8f7a6",60,50,20,1,75,11
"55f78ad9",50,0,NA,0,25,10
"d3537046",83,50,100,1.25,100,6
"fb79d756",67,0,NA,0.33,0,3
"63499c2c",100,67,50,3,100,3
"babdec9d",39,11,0,0.8,50,28
"a5920d73",64,16,50,1.71,40,25
"44897409",38,25,0,0,0,17
"015faf16",30,17,0,1,33,32
"953f626b",52,24,0,1.25,50,33
"f50b0395",40,20,0,0,0,10
"b5583f54",43,38,50,2.5,50,21
"508be2cb",100,25,0,0,50,4
"612a0024",60,40,50,1,100,5
"9cc43d29",100,0,NA,0,0,1
"1a20faee",100,86,33,2,100,8
"02359c31",31,0,NA,0.5,100,13
"cb94afdd",67,50,17,2,100,13
"47115707",62,50,50,2,0,8
"30593e4f",73,27,50,4.5,67,15
"fd796a1d",65,53,56,4,20,17
"b8c0c5ae",75,25,50,0.2,33,10
"9af479bb",58,8,0,4,0,12
"b50a480f",43,18,20,1.8,40,28
"c86d88dd",54,15,29,1.2,57,48
"be35c34e",50,50,0,0,100,4
"158e724b",50,0,NA,2,NA,4
"34d7d13e",50,50,0,0,0,6
"d9b641be",35,21,10,5,100,48
"81caef4d",50,20,0,0.33,0,10
"214548eb",52,31,0,0.5,67,30
"849d543e",57,0,NA,7,50,7
"6f5e15d9",86,14,0,0.67,50,7
"44f7b769",83,50,0,0.33,NA,6
"b5abc8ad",67,17,0,3.5,100,6
"02104ff7",37,28,31,4.67,50,46
"969dc5a8",71,12,0,0.5,25,17
"8f6ee872",73,60,11,2.5,50,17
"e80be282",50,5,0,1.8,80,20
"081db0ae",75,25,50,1,33,9
"917a6180",50,38,33,3,NA,8
"100dafe8",100,50,0,0,NA,2
"e083256c",100,50,0,2,100,2
"4033a286",64,36,60,1.2,50,15
"2c7b57aa",57,23,29,3.67,50,30
"207e7dee",86,43,0,1,0,7
"2fea61cd",75,25,50,4,100,8
"a0e8c31e",73,27,0,0,0,11
"7c9f8d62",73,64,57,3.5,75,11
"b52853f4",50,0,NA,0.76,55,28
"9bc67429",44,33,67,1.25,33,9
"330c107c",50,25,0,0,0,4
"24e73e79",59,59,8,3,25,22
"8f933d30",50,29,25,3,0,14
"d30ceb80",38,27,30,2.2,80,37
"9856b356",62,12,22,0.72,42,73
"c6ac2095",0,0,NA,0,NA,38
"1c719a41",50,21,0,1,40,14
"398b17d9",64,21,33,0.4,33,14
"e2f7b25a",52,39,11,1.5,75,23
"9775bfd3",50,14,0,0.75,50,23
"56e1a205",100,100,100,1,0,1
"d568c333",73,50,27,0.78,44,22
"0e43db15",100,50,0,0.5,0,4
"5fb3d085",45,27,0,0.75,75,11
"45a2e38f",50,0,NA,1.6,0,10
"36e496a9",73,18,50,2.67,80,11
"97693fee",59,32,14,8,100,22
"493e28c2",67,46,9,0.6,67,24
"15f577ae",29,14,0,0,100,7
"426c61e2",50,7,0,0.57,71,46
"9cc5a3d9",31,25,15,5,20,51
"032e3e45",85,69,11,2,0,13
"5ef518f2",59,9,0,0.5,50,27
"40d91def",67,8,0,2,0,24
"51ef1cbc",64,43,33,5,0,14
"88c844cd",39,6,0,1,38,31
"2a69a6b6",83,33,0,1,33,6
"74e28217",50,25,0,0.67,0,4
"239d35de",75,19,67,1.15,50,16
"392bea77",54,0,NA,1,0,13
"9991546d",54,15,50,0.88,67,26
"89b3a6eb",100,100,0,0,0,1
"4c76aca9",62,54,29,5,100,13
"b369308c",67,0,NA,0.33,0,6
"a991a0fd",59,22,7,1.57,44,64
"29ff5f57",54,14,0,5.67,0,40
"54d0f381",83,50,0,1.5,33,6
"da66fd90",58,33,50,1.75,80,12
"f6366e9c",82,18,0,1,0,11
"f94c382f",62,15,0,0.5,0,13
"f2d2956c",64,18,0,0.2,67,11
"97bbea82",100,0,NA,0,NA,1
"929eae8d",100,100,0,0,100,2
"25cd4fdb",100,0,NA,0,0,1
"a27d3929",56,11,100,0.67,25,9
"30fe986c",50,33,0,0,0,6
"2a3e5926",71,29,0,1,100,7
"1d59dc40",33,33,100,1,0,3
"f5c63093",43,36,20,1,100,14
"a237ca82",36,18,0,2,0,11
"88b594d3",40,20,0,1,NA,5
"485383d8",89,44,75,2,0,9
"5be38cf9",38,17,0,2.25,71,24
"05860cbe",51,3,0,0.19,60,63
"0f35d18c",30,23,0,12,33,30
"dba248e1",100,50,0,0.5,0,2
"48ccb43d",45,9,100,1.6,0,11
"56788e73",58,8,0,0.71,67,15
"ab994bb3",86,57,25,3,33,7
"e2768e90",42,33,0,0,100,12
"41481fd9",42,8,0,3,100,14
"dca8a45f",62,12,20,0.76,50,40
"4a60c5fe",100,100,100,3,0,2
"3eb50860",33,25,0,5,33,24
"45d880e1",83,50,0,2,33,6
"3f1536c1",46,21,50,2.57,78,48
"5ce7ee4c",81,56,22,6,33,17
"9d60f60a",70,50,40,2,67,10
"00021ae5",62,12,0,0.56,43,16
"3ff95718",54,38,20,4,33,13
"199f0374",54,46,9,2,33,24
"7bceb5c7",49,27,24,3.71,62,94
"866a3389",75,50,0,0,0,5
"85b9276c",62,15,100,6,50,14
"7db18fe6",46,23,38,1.36,55,56
"50cdaaea",69,19,0,1.5,75,16
"89340906",53,33,20,1.33,40,15
"d382176d",25,25,0,2,0,4
"604d944d",53,41,14,2,80,17
"a4217051",60,40,0,0.33,0,5
"ad1c1d46",40,0,NA,1.5,20,20
"fb7e9875",75,8,0,1.33,40,12
"bdab2784",55,9,100,3,0,11
"1d97d8d0",44,12,0,3,0,17
"da2ef1a9",50,12,0,5,100,8
"bddb02e5",88,38,33,0.25,50,8
"10b89c4c",32,23,14,1.5,83,31
"a13ffd45",48,13,0,0.33,75,31
"f26a791b",52,41,0,0.67,50,27
"a2cfd4ec",37,0,NA,1.8,67,27
"23139933",83,50,33,0.75,0,6
"265379cc",48,16,25,1.12,60,25
"797efa23",100,100,100,2,0,1
"7db38f38",75,25,0,0.45,75,8
"10a9cf30",24,12,33,0.71,50,25
"eecdbff9",62,4,0,2,62,25
"bde76633",100,100,100,1,0,1
"87cfae9e",55,26,20,1.22,71,38
"16982115",47,20,33,2.4,50,15
"ff7ca16d",75,50,50,1,0,4
"d35bbb21",55,0,NA,0.62,33,11
"79df6457",69,31,20,6,0,16
"a478a2e6",25,25,100,1,0,4
"a03b745e",67,33,0,2,100,3
"3f56c143",67,33,0,0,NA,3
"0e078806",64,36,0,2.33,0,11
"a993f87f",100,100,0,2,0,1
"1d0bf15b",33,33,100,1,100,3
"ebf44f89",67,33,100,3,100,3
"03c7c548",52,16,75,1,36,26
"3226466b",61,0,NA,0.14,50,18
"42ee63c3",50,50,100,3,100,2
"ce1b04ce",86,14,33,1.27,47,21
"89c69802",70,22,38,0.88,50,60
"d55c45d6",0,0,NA,0,NA,32
"4deea7bc",75,25,0,2,33,8
"d2150fec",75,36,50,3.33,43,28
"7cf2591e",43,29,0,1,0,7
"419540e1",51,28,12,0.5,62,61
"24e52e8c",73,13,50,15,20,15
"3d73cc01",60,0,NA,0,100,10
"be9a6f25",40,30,33,4,33,10
"118c80f9",60,10,100,2.33,0,10
"418b6ea3",52,0,NA,0.92,30,33
"32d51cdf",100,100,0,0,0,1
"a5d9f83b",53,47,14,7,50,15
"5126b3d3",49,15,0,1.33,50,52
"bf6c5b96",32,26,0,2,0,19
"40de47dd",70,30,0,2,0,10
"1f51d7df",65,47,12,0.67,75,17
"d8d6fbf4",50,12,50,0.33,67,17
"4e4ec845",50,25,33,6,50,24
"753d1edc",33,33,100,1,100,3
"e17bf25c",33,0,NA,1,NA,3
"ace586f5",100,50,100,4,100,2
"4a7bc225",50,0,NA,0,NA,2
"5ec7dccf",55,29,11,0.83,50,31
"d30b4841",20,20,0,0.5,0,5
"9be08c55",50,25,0,0,NA,4
"0ca77977",75,25,0,4,100,4
"47339cf3",41,18,33,3.67,17,17
"a74eeac7",67,33,50,4,0,7
"e1ad7fae",60,5,0,0.33,50,20
"ea5ee996",79,59,24,5,22,29
"d70dbbcd",40,30,33,3,20,24
"8cc2eaa7",46,29,0,1,67,24
"bbe26892",78,67,50,2.33,50,10
"fec53ee3",60,10,100,4,100,10
"ddd079de",80,30,33,0.86,100,10
"cf85c481",80,40,50,2,0,5
"717e36ea",88,62,20,3,0,8
"9d416eb5",61,11,0,2,33,18
"2b257c6d",67,33,0,2,0,9
"289f0848",47,40,17,1,67,17
"4c5ad727",58,9,50,4.5,29,43
"3be06623",20,12,0,0.5,75,49
"f9097550",42,30,8,0.86,54,43
"7c0dbfd6",50,38,0,0.2,71,24
"198cc549",57,29,0,0,0,7
"8529345c",57,19,0,0.83,0,22
"5ce0f55a",18,18,0,3,0,11
"94301070",45,12,0,1.75,40,42
"22dc2886",100,0,NA,1,0,1
"588cad7d",25,12,0,0.33,25,32
"8f5e1c6c",36,26,36,2.67,50,42
"1c073809",45,29,0,9,75,42
"9a03f424",20,20,100,4,0,5
"d9c2f2ee",92,0,NA,4.5,50,17
"18023b14",60,40,17,3,100,15
"5ddedb6d",64,27,0,0.67,0,11
"b4b565f9",36,7,0,0.58,75,42
"eedd8c93",29,12,33,6,0,24
"3c1a6765",61,27,44,5,83,40
"d6232828",41,15,0,0.57,43,39
"fee3805e",85,38,0,0.4,50,13
"90ee0d6b",70,60,50,8,60,20
"58dd8742",60,0,NA,1,83,20
"daec175b",45,10,100,1.17,17,20
"2e58a2de",50,0,NA,1,0,3
"bd05c924",53,21,44,2,50,43
"32358035",78,44,0,1,67,9
"5e60b39d",100,100,100,4,0,2
"71080044",57,20,17,2.43,67,30
"b5a5433e",47,33,40,1,25,15
"8c4387a6",100,100,0,0,0,1
"31f2f476",100,100,0,0,100,4
"b1d87dc3",47,31,9,2,75,36
"0983e0d4",26,13,0,1,25,23
"810383d1",40,30,12,1.07,56,88
"a062876d",100,0,NA,0,0,1
"28c20bef",50,0,NA,0,NA,2
"a1b23c99",36,36,23,4,40,40
"dba70dc9",40,13,0,1.5,50,45
"1404f662",40,0,NA,1,NA,5
"4cf7bbc7",100,40,100,5,100,5
"db8d5dc1",70,20,0,0.25,0,10
"c79706c9",59,24,0,1,73,69
"472da039",67,67,50,1,0,3
"5dc86ab2",57,29,50,8,33,7
"23ff45a4",63,25,7,0.57,62,59
"f5af4b2f",67,0,NA,0,50,3
"fd53dc5a",64,52,15,1,67,25
"cf660bdd",80,20,0,0.5,0,5
"e9673a26",67,15,0,1.38,44,27
"54bb7eb6",100,100,100,1,0,1
"e8b31979",75,0,NA,0.67,67,12
"e6ae9dfc",42,17,0,2,33,12
"62a29382",63,21,75,1.7,50,19
"248b26f0",37,11,0,0.25,50,19
"303a18d7",50,0,NA,2,100,6
"971f1fcd",67,50,0,0.5,50,6
"f7518930",50,12,0,0.14,67,8
"7665fa69",56,36,21,3,46,66
"b52271e3",50,30,33,2,33,10
"11b4024b",100,100,0,0,0,1
"45279770",78,44,0,0.25,60,9
"67f22e3d",50,0,NA,0.33,100,2
"61d0bd71",43,36,0,0.6,100,28
"05f53fe8",50,15,0,1,50,20
"1252b605",80,60,0,3,0,10
"d839f293",47,21,8,1.29,50,58
"36cfae90",35,5,0,3,33,20
"b4f90475",52,12,0,0.27,50,25
"c53076e5",100,100,100,2,0,1
"d11559d5",48,10,0,1,40,29
"1c718d2a",21,14,0,1,25,29
"49f2ec05",50,25,0,0.5,0,4
"565a8722",52,12,0,2.18,56,65
"a275112b",56,22,0,1,40,9
"6e959564",62,34,20,2,60,32
"c6c435d9",55,45,60,1.5,100,11
"03406ac3",60,20,0,1,0,5
"35dc7f13",33,0,NA,1,100,9
"a8fa6028",66,28,0,0.7,45,29
"52e97394",44,44,50,1.33,0,9
"a396ce76",100,53,62,4.33,57,15
"eec629c6",67,7,0,0.5,50,15
"6b38e9f6",40,20,0,0.33,100,5
"e6a43c8b",80,20,0,2,0,5
"2d4eadfd",100,0,NA,0,100,1
"5421bd01",100,0,NA,0,NA,1
"d0021797",56,18,17,1.44,60,34
"7bc3ea29",53,40,0,0,33,17
"2bcbbcd5",44,30,13,2.2,50,50
"b54cc8eb",77,46,50,3.5,33,13
"b4f55243",58,33,0,1,100,12
"96fed3fc",33,8,0,2,100,12
"8d734a79",0,0,NA,1,100,1
"f51f312a",57,43,33,1.5,0,7
"d82046f1",57,11,0,0.78,67,33
"50c7ecdb",35,13,0,1,0,23
"0695f2fa",22,22,0,1,100,9
"ab4b3696",56,11,0,2,100,9
"f07572fd",54,10,25,2.38,33,41
"5bf04d9c",62,25,0,2,0,8
"7b06be71",50,25,50,2,33,8
"92dfb3eb",51,18,12,1.75,33,52
"db13fa86",36,0,NA,5,33,28
"cf14ce56",57,43,0,1,NA,7
"0721e4ec",14,0,NA,0,100,7
"55b60a2e",31,16,20,3.5,40,32
"b23dac89",32,11,0,1,33,37
"375a70d1",58,37,43,1.67,67,19
"e9332e0e",60,35,0,0,100,20
"8178dccc",100,0,NA,0,0,1
"d0c91abe",65,4,100,1.29,80,24
"e3ada1bb",81,19,33,0.29,62,16
"8963c5f7",62,50,0,0,0,9
"4d5f31e7",44,44,14,1,67,16
"feb6dc99",31,12,0,0,67,16
"a7907aa7",47,3,100,1.08,62,30
"d45b420b",80,40,0,1,0,5
"f6a2055f",73,9,0,1.33,100,11
"07bbc59a",100,100,50,2,0,2
"5104a821",42,33,0,1,NA,12
"7c48f69f",58,42,20,1,100,12
"fb94b073",100,100,0,1,0,3
"a41c0852",73,33,10,2.2,50,36
"52fb493c",50,19,0,3,75,17
"065ee4f8",80,40,0,0,0,5
"6396063c",29,16,0,8,60,62
"ba35ba24",100,33,33,1,0,9
"0edd0864",100,33,0,2,100,3
"0123db1b",0,0,NA,0,NA,3
"0f0569eb",53,22,0,1.5,67,35
"ebdda431",67,42,20,1.5,29,24
"1eaccb8d",40,30,0,3,50,11
"42ed84a0",36,9,100,3,100,11
"c64a0610",62,33,12,0.71,43,24
"e74d7a11",38,0,NA,2,0,8
"3ed8b21d",75,75,0,0,0,4
"fea29475",42,33,0,0,0,24
"5ee7d96d",30,12,50,3,50,33
"95989291",20,10,0,0,100,11
"ed4ddaf6",18,18,50,1,100,11
"c2d6b6af",61,24,0,0.67,62,37
"256586fa",50,10,20,2.71,54,105
"cf70906b",100,50,0,1,100,2
"35d07415",0,0,NA,0,0,2
"6ebc7826",54,23,0,0.5,80,13
"091f20e6",100,0,NA,3,0,4
"5f65f172",60,40,0,0,0,10
"84de0163",54,48,0,2,80,48
"70aa10d3",38,22,0,0.5,80,32
"9ccfa7bd",27,27,33,2,0,11
"e90488c4",50,0,NA,0.12,40,10
"ab818e25",57,0,NA,1.5,67,14
"382dcd80",100,100,0,0,100,1
"c68866e5",33,33,0,0,0,9
"b96ae6ce",58,24,0,1.33,33,33
"482ede22",50,21,0,0.6,67,28
"069b4431",41,22,0,2,50,46
"6261fd91",22,22,0,0,0,9
"038198a4",75,25,0,1,33,8
"1ff2129e",69,62,12,1,50,13
"121de773",17,17,0,0,NA,12
"94d583c5",27,9,0,0.5,100,12
"49289e94",67,30,50,6,33,27
"55d92803",35,23,0,1,86,27
"ad0e6946",76,6,100,5,100,17
"fd4731db",47,6,0,0.8,25,17
"3abc407c",67,0,NA,1,33,12
"cbb97b98",54,0,NA,1,40,13
"55fe60e1",75,44,0,4,33,19
"1b070175",30,30,0,2,0,10
"adab4c08",33,0,NA,0.33,100,6
"665e8b0e",33,33,50,1,NA,6
"fa54e5b2",38,15,0,0.17,0,13
"643f674d",53,10,17,2.8,54,60
"5f1bd408",33,0,NA,0,NA,3
"74fc9a34",29,6,0,1,0,17
"c9962b67",55,29,11,8,100,31
"1f22dc57",43,29,0,0,0,7
"95c4ba2b",57,14,50,0.5,75,14
"6c411bc3",100,80,25,2,33,5
"a789a11e",91,64,14,1,67,14
"cdffbc4e",48,3,100,1.22,75,40
"222e08f9",64,20,20,0.69,44,25
"65e1fd43",78,22,50,2,100,10
"727ab656",100,100,0,0,0,3
"5a33d315",67,0,NA,1,50,7
"45c43ae3",33,33,33,1,100,9
"d8476f0e",44,33,33,1.5,50,9
"7f6520bc",25,19,0,3.5,67,16
"1234ddd6",31,8,0,0.5,NA,16
"fa0d5dc7",25,25,0,2,100,4
"064f3e16",50,0,NA,1,NA,4
"d8818dde",20,0,NA,3,100,30
"e42ee4d1",37,30,0,1,80,30
"77a5f8af",100,33,67,0.8,20,9
"0a6dfaf0",100,100,0,0,0,1
"b0891f78",60,40,50,1,0,5
"2f93fa32",53,27,0,0.8,57,30
"cd4ab955",57,14,0,2.5,100,7
"9dabce2d",86,14,0,0.5,0,7
"5f706a28",38,12,100,0.5,100,9
"0189d1e7",22,22,50,2,0,9
"f724b52b",100,100,0,0,0,1
"2222d2d9",69,2,0,1.55,64,42
"473c5d0c",75,75,0,0,0,4
"e7c6df08",68,48,33,1.6,50,25
"d0803b4c",100,50,50,2,100,4
"03c63f78",25,25,0,0,NA,4
"eff83a0e",57,14,0,0,33,7
"16129c43",57,21,67,2.75,20,14
"0450d8ba",68,36,0,2.5,71,22
"35458662",60,30,17,4,33,20
"258868a8",35,16,0,2,100,37
"81835ca8",62,25,50,3,33,16
"6fca8691",50,17,0,1.2,75,18
"77c3c556",38,19,0,1.5,0,16
"86128052",26,18,0,5,50,42
"afa2496a",31,25,50,1.17,60,16
"cfc2311b",69,46,17,1,50,13
"5bdccbb1",69,15,0,0.75,50,13
"5c209228",62,0,NA,1.75,33,21
"8302519b",49,14,0,1,67,37
"7d28ee2e",42,33,25,1.67,0,12
"737bb0cf",73,7,0,1.5,33,15
"fe5980d8",100,100,0,0,0,1
"f548144b",58,21,0,1.25,80,19
"62156ebf",40,0,NA,2,0,5
"4cdf8b75",44,33,67,2.67,100,18
"c3410dca",0,0,NA,0,NA,8
"a6f83698",100,50,100,2,100,2
"89f1fcaf",100,50,0,1,100,2
"28899348",38,18,14,3,60,80
"7078838e",50,45,11,3,0,20
"38c0b3e7",71,0,NA,1,0,7
"88f63fb4",21,7,0,0.78,50,29
"f86104a4",20,13,50,1,100,15
"305f72fc",47,33,20,8,50,15
"d8389445",33,0,NA,3,0,3
"afe46b7a",79,50,57,0.89,60,14
"d6039fa4",0,0,NA,0,NA,1
"7051ac01",53,20,33,13,75,15
"321096be",43,14,100,0.25,0,7
"8f9d91fb",44,44,25,3,100,18
"4389165e",29,0,NA,1,100,18
"65cc3cc2",75,0,NA,4,0,4
"672488c3",57,29,50,0.67,0,7
"b9883deb",50,20,0,2,100,10
"078ff65c",40,30,0,0.5,50,10
"9c193532",32,23,6,2.67,0,69
"36decd53",56,11,100,1,0,10
"f5f7f676",45,18,0,6,100,11
"a2ea503b",43,29,25,4,33,14
"5a5dade1",62,31,25,0.5,80,14
"63384953",18,7,0,4.5,33,44
"d80491ab",100,0,NA,0,0,2
"1439dacd",54,27,0,2.17,38,46
"0f0ff923",67,67,0,2,100,3
"d863049c",50,0,NA,3,0,2
"a54f8950",45,9,0,0,50,11
"2323310c",100,100,100,0.67,100,2
"5cbd3b35",100,0,NA,2,0,1
"8fe6eb22",82,45,10,9,0,24
"16d8d8cc",56,22,0,2,50,9
"27672e70",80,40,0,0,100,5
"4545626f",100,75,0,0,0,4
"48aeb404",33,0,NA,0.25,50,3
"bd3dbe5c",60,20,0,0.4,100,5
"eb85a5c1",0,0,NA,0,NA,3
"476f2c5c",64,15,33,0.73,67,44
"67c286bd",25,12,0,0.67,50,9
"1ee1eb98",67,13,0,0.43,80,15
"84c5e8e2",64,9,100,2.25,33,11
"e7cb0b51",100,100,100,3,0,1
"d3437773",32,26,0,3,100,19
"2691d2c8",53,32,17,1.5,67,19
"097a48a1",33,33,0,1,0,6
"e1d81559",70,5,0,1.07,50,54
"2cbf01f7",67,22,0,0.67,0,9
"13ee7492",32,2,0,0.12,100,44
"6581dac3",57,0,NA,2.44,11,35
"9828fbe3",50,25,50,4,33,8
"884d5944",62,38,20,0.4,100,17
"48935ea8",56,11,100,1.67,67,9
"0cdaed69",44,22,0,0.75,50,9
"d7073bbd",71,7,0,8,33,14
"4b80caff",64,18,0,2,75,11
"522f0d9b",100,100,0,0,0,1
"532c8e8c",77,38,20,1.57,67,14
"9b426de4",41,16,40,2.5,50,36
"0ef40d8e",46,29,0,2,29,24
"a1553a9f",33,0,NA,0,0,3
"d7c5130e",52,20,20,1.62,50,25
"44617e4c",47,5,0,2.25,25,19
"3160e24e",71,0,NA,0.14,25,14
"4aea0a28",50,0,NA,1,NA,2
"2c70d1c2",50,50,0,0,100,2
"2312a530",50,25,100,3,50,4
"32809f66",51,18,0,1.11,44,55
"e9d99126",75,0,NA,3,33,5
"5f7a2c61",75,8,0,3,60,12
"e8c4e03f",56,56,0,1,50,9
"ce492b63",36,29,0,0.5,50,14
"95db16fb",57,29,25,1.33,75,14
"e3b4cf03",9,9,0,3,NA,22
"85ad02fe",64,27,0,2.5,NA,22
"b1aef857",50,20,0,2,100,10
"81713517",64,0,NA,0.83,50,14
"d81d2ba2",46,17,0,1,33,24
"8a43ba99",83,52,27,4,38,35
"519c4384",58,25,0,1.25,67,12
"910490b7",50,25,0,2,100,12
"1ab946f8",100,100,0,0,0,1
"749e976d",87,73,9,1,100,17
"d03165ed",22,11,100,1,NA,9
"0415ca45",100,0,NA,3,100,3
"674e31fa",100,100,0,0,0,2
"b121e22a",100,50,0,0,NA,2
"f99ec954",100,100,50,3,100,2
"cf822ee5",50,8,0,2,0,12
"77d0ee05",56,33,11,2.67,40,30
"0d96749f",46,38,0,0.5,0,13
"e9bac295",42,15,0,1,100,26
"3bae0c94",40,20,33,2.5,67,15
"cf4b58e9",27,13,0,2,100,15
"c6c84f29",100,100,0,0,0,1
"c533707c",36,9,0,1.75,25,22
"cd4eae57",0,0,NA,0,NA,1
"7ef84f88",100,100,0,2,100,1
"171c67f5",29,0,NA,1.25,80,34
"21192339",38,3,0,1.31,14,40
"4d069c2f",50,25,0,0,100,4
"6d8caf40",100,0,NA,0,100,2
"13e43321",50,50,100,1,NA,2
"c394e849",35,18,0,0,33,19
"992cfa62",20,20,50,2,100,10
"cc2166e9",25,21,20,1,50,24
"fe45aa33",67,38,11,0.5,43,24
"9aeebfd7",61,21,17,0.75,45,28
"8e145c4e",34,19,0,0.75,67,47
"aaa55fc7",13,7,0,0.5,0,15
"fc3959c1",100,0,NA,0,0,1
"ddea779f",31,15,0,0.25,86,26
"db1c4230",20,20,0,1,50,5
"82fd3aa4",41,19,20,1.33,33,27
"e87b26f8",47,21,25,1,43,19
"be1b68b9",100,100,0,0,0,1
"799a62c1",86,86,0,0,33,7
"c18bd13a",33,33,0,0,100,3
"86c0a841",33,0,NA,0,100,3
"2544aa36",50,0,NA,3,50,12
"ca4eebfa",50,0,NA,0,0,3
"2e60b361",33,17,0,1,100,6
"7764313d",0,0,NA,0,NA,1
"3066cb77",63,20,18,7,60,54
"fe68f31b",56,12,50,1.2,17,16
"1003709c",75,50,0,0,0,4
"0766c158",60,30,33,2,100,10
"30cfbe30",50,14,0,0.17,40,14
"abddae11",27,17,0,1.33,33,30
"4cfe6450",50,8,50,1.33,75,24
"3cd6c1bd",46,21,0,6,50,24
"a8a6bfee",50,50,0,0,NA,2
"23fd8fbb",100,100,0,1,100,2
"d0a41f0f",67,0,NA,0,NA,3
"04cf872d",67,67,0,1,100,3
"8e86034b",32,18,17,2.67,44,66
"3686c3a8",45,27,22,5,0,33
"37dda4d9",74,11,0,1.29,75,19
"a0c66f35",44,33,0,0.2,0,9
"51940be1",56,22,50,3.5,100,9
"3c38c33c",44,33,0,0,33,9
"186e7d01",67,22,0,0.5,100,9
"04823aef",47,35,11,1,56,51
"621147a5",44,11,33,4,40,27
"61193cd5",3,0,NA,1,NA,31
"9b186ab3",0,0,NA,0.5,100,2
"2778c755",50,0,NA,1,100,2
"dfe1164f",100,50,0,2,0,4
"c8b99328",42,32,50,6,0,19
"aa730c97",69,8,0,0.5,100,13
"fa7e0924",15,8,100,1,NA,13
"ef5e2344",67,58,0,0,100,12
"d9864a0b",100,0,NA,0,0,1
"7b0546e6",43,29,50,4.5,0,21
"d49fec88",46,23,0,0.43,67,57
"63ac4d19",91,9,100,7,50,11
"3b7f8554",55,27,0,0,100,11
"03f6efed",50,0,NA,1,0,2
"6c648b60",50,29,0,1,100,14
"f492e826",29,14,50,4.5,17,14
"fcfdb05d",57,0,NA,0.5,82,28
"9e478bdc",25,25,100,0.33,0,4
"c5f83f1d",67,47,21,2.88,43,51
"4ac7a0c9",56,22,50,0.8,100,9
"4781fb46",57,43,33,1.5,0,7
"93ec3cb0",48,4,0,0.33,29,25
"2ba64b44",64,9,100,10,75,11
"7fa6838b",27,0,NA,0.33,100,11
"7e96e68b",100,0,NA,1,0,1
"16bc564a",33,13,0,1,67,30
"323f9134",50,21,0,0,75,30
"01cc3829",100,100,0,0,0,1
"6944f828",73,45,40,1,100,11
"d3bda854",56,25,50,6,0,16
"d048521c",29,16,10,1.2,57,63
"aa1b45e2",39,28,15,8,60,46
"204e9eb3",33,22,0,0.6,50,46
"46405d12",74,67,33,7,20,27
"7ade5458",42,25,0,0,0,12
"7feae264",23,14,67,3,0,22
"6c904379",58,48,20,1.2,100,37
"b62a6195",44,28,0,1,0,18
"3a864c00",48,30,0,3,100,23
"0b42888f",38,31,25,3,0,13
"874df1d7",34,31,17,4.5,80,94
"9de50b32",56,33,0,0.75,0,27
"a5f58ce6",52,15,0,3,50,27
"ebbbc207",25,12,0,1,0,10
"81f8c034",65,15,25,2.25,71,26
"01258f1e",40,20,50,1,0,10
"7df80906",67,33,100,1,100,3
"ccfbd44e",0,0,NA,0,NA,3
"b0fa60ef",53,33,11,2.8,25,55
"b3106f00",56,56,20,1,33,9
"14a03105",27,12,0,4.5,60,59
"8bf41c22",54,19,0,2.43,56,37
"13c23dd5",100,100,0,0,0,1
"ccfafcdf",33,24,0,0.8,57,33
"31087ecd",100,0,NA,2,0,1
"9cc5b9fe",40,33,60,7,100,19
"7ac9a0cb",42,0,NA,0.8,50,19
"ac3acdb4",100,100,29,2,67,7
"d7b45f4a",55,24,0,5,40,34
"6d26f618",35,18,0,0.5,67,18
"36961029",45,6,0,0.31,72,64
"cbe7fe58",40,20,0,1,0,6
"970f2e93",25,25,0,0,0,4
"a275fe10",35,27,29,0.29,40,26
"caeb40b6",100,100,0,0,0,1
"b33fd807",53,23,0,0.32,62,31
"fd0ff771",77,8,0,0.8,25,13
"001af494",60,30,33,6,100,10
"f66c33ed",28,6,0,1,0,19
"c2d89eb5",37,0,NA,1.2,75,19
"dfef4082",17,17,40,1.5,50,30
"8388ada9",75,38,0,0.4,75,30
"98a9397b",40,40,25,2,0,10
"976b795f",52,20,0,0.38,67,31
"9c34b49b",67,33,0,0,100,3
"8c741ae2",67,33,100,4,NA,3
"53c8b38d",37,20,0,9,43,51
"d3bef2e2",57,14,0,0.22,50,21
"e352bbbf",29,21,0,2,50,14
"efb10961",60,13,0,6,0,17
"bbf93bdb",78,78,0,0,25,20
"e5d0b0f2",100,0,NA,0,0,1
"ba77f1e6",50,17,50,0.67,25,12
"bdd833f3",80,80,50,2,100,5
"63d83a7d",80,20,0,2,NA,5
"f196d34c",53,27,0,0,60,16
"b56a1a99",44,21,0,2.25,67,61
"6b825efe",46,32,22,4,40,28
"0cf0b9a0",44,16,25,3,17,25
"1233aeda",61,11,0,0.88,57,28
"9fdb8fb8",100,0,NA,0,0,1
"caf6a2f3",80,40,50,7,100,10
"7e7345da",63,19,17,1.7,50,63
"1310c19c",20,10,0,0,0,10
"004ec8a3",30,0,NA,1,25,23
"9d1e2683",100,100,100,2,0,1
"98a9de6f",41,12,0,1.29,67,17
"ae4d81d3",36,8,0,2,33,36
"d5b0069c",0,0,NA,0,NA,4
"bb10af51",67,27,50,6,33,15
"c7238f1a",100,100,0,0,0,1
"1bd583cd",39,22,20,5,40,23
"b6d73f6b",67,0,NA,1,0,6
"8084ade4",67,28,0,0.75,71,18
"6b9531e7",32,16,40,1.33,25,31
"40dbf93e",57,34,17,2.67,67,35
"945d9535",57,0,NA,2,70,28
"7eade4ee",100,0,NA,1,0,1
"b82aa3d0",25,0,NA,0.33,100,4
"51fca5b5",50,0,NA,3,0,2
"c3eebf41",71,14,0,5,40,15
"0b437e62",77,46,0,2,60,13
"b5cffd68",50,0,NA,1,0,2
"94a0dfd5",32,14,33,1.5,20,23
"34d5b63e",60,35,29,8,67,23
"c1e72ff2",43,7,33,1.1,44,44
"b2f8e0d9",54,46,17,3,33,16
"0a7f71eb",71,0,NA,0.75,33,14
"f2734e7b",58,23,50,0.57,20,26
"b430c95b",37,20,14,0.75,17,35
"3b7f9dda",18,9,0,0.2,0,11
"38a017f5",56,0,NA,1.67,0,11
"ef36390a",45,18,50,2.33,100,11
"5ebc9e8f",39,17,67,2.5,25,18
"e02f13e0",67,6,0,1.29,100,18
"883f6fba",29,0,NA,1,100,7
"d9849450",71,29,50,3,100,7
"32c269af",0,0,NA,0,NA,1
"652b616f",100,0,NA,1,100,1
"89346fa1",35,6,0,1.25,25,18
"7f01313f",35,0,NA,2.33,100,20
"e5885105",30,0,NA,0,100,10
"675dac7b",40,30,0,1,100,10
"03ff7f2c",100,100,0,0,0,1
"f3845a54",70,40,0,2,100,10
"6a54e2ea",40,0,NA,1,NA,10
"bca3489a",33,33,0,2,0,6
"c4cc2294",50,19,0,0.83,100,26
"fbd7def0",40,0,NA,4,0,5
"98235733",47,29,0,0,100,17
"186f2d52",60,0,NA,0,33,5
"ed9acb4d",71,47,0,0.75,50,17
"3f092eee",100,67,0,0,0,3
"db988d37",52,52,18,1,50,21
"6df70ea3",31,23,33,1,100,13
"c34fe033",69,46,33,4,100,13
"96a51718",66,41,8,6,67,29
"3a134128",53,20,0,0.5,50,15
"0094067f",25,25,0,0,0,8
"43e5f9cb",50,25,0,1,100,12
"0fc08fa3",68,42,12,0.8,80,20
"a54bff8d",50,17,50,5,0,12
"5aea38c0",80,80,0,0,33,6
"f390712c",44,39,14,0.58,60,18
"c15fb28c",86,71,40,2,0,7
"b1a7a642",52,16,11,1.5,30,56
"fb10a828",56,22,14,9,67,35
"41e7a8a5",57,21,0,2.5,0,14
"07601d63",70,0,NA,0.67,0,10
"1d2b60a8",59,31,8,5.33,67,39
"029cdd26",50,50,33,2,0,6
"7aa9ace2",64,5,0,1.33,50,22
"4d87a905",46,25,29,2,50,28
"529c8af3",46,38,20,3,0,13
"692ed8b8",40,0,NA,0.5,33,15
"700045ad",37,16,33,2,40,19
"005dfb56",62,12,100,4,0,8
"cc8b9328",62,23,0,0,71,13
"44a1dd43",0,0,NA,0,NA,1
"cb364e10",100,0,NA,0,100,1
"3bef7888",100,100,0,0,100,1
"b993f3f0",50,21,0,9.5,57,99
"53c14650",32,8,0,1.25,33,38
"ffc62332",62,21,0,6,0,24
"0bd571f8",0,0,NA,0,NA,1
"16b97ef1",100,0,NA,0,100,1
"d6b72275",50,0,NA,0,0,2
"cfdddacc",36,18,0,2,50,25
"682a86fe",67,17,0,2,100,12
"3c8e1d80",25,17,0,3,NA,12
"12c9e70d",61,28,0,2.5,67,24
"4c75ecd1",0,0,NA,1,0,1
"4851c297",67,11,0,1,50,10
"e06302ae",60,60,33,4,100,10
"1126c550",25,0,NA,0,100,4
"85e86531",50,50,0,0,100,4
"b55cfdf9",8,8,0,0,NA,13
"f15abbd2",36,18,0,0,100,13
"5c04b113",40,0,NA,1,100,10
"2face99b",50,30,0,0.5,50,22
"c61d11f6",67,50,33,1,0,6
"22492e47",47,32,17,1,80,20
"d925700e",50,0,NA,0,0,2
"da109cb1",50,0,NA,3,100,2
"cf8508ba",100,0,NA,0,0,1
"52735053",50,0,NA,4,100,4
"061eb8aa",38,0,NA,3,33,8
"d2c8819b",100,100,0,0,0,1
"4e68f41f",50,50,50,1,100,4
"708faf57",75,0,NA,1,NA,4
"c7cbb342",53,40,33,2,67,15
"2274976e",75,50,50,1,67,4
"1db57251",50,0,NA,1,100,4
"c6ffa4c3",25,0,NA,0,NA,4
"270c3bd8",100,100,33,1,100,4
"a1a43ad4",0,0,NA,0,NA,11
"b90f7d24",55,55,0,1,100,11
"581c0394",67,0,NA,0,0,3
"153877d3",44,31,0,0.5,50,18
"0a43f9e7",56,22,0,1,33,9
"646d72b1",100,100,0,0,100,1
"864a2445",100,0,NA,0,NA,1
"72c5223d",40,10,0,2.12,100,51
"22980321",55,9,0,0.2,0,11
"385ef60d",21,7,0,1,50,14
"8fb38d4d",62,62,0,0,0,13
"b31a2211",75,50,0,2,33,8
"fdcce134",75,19,33,4,62,19
"0d35c33f",100,33,0,1,0,3
"509a8887",67,38,44,4.67,100,24
"98153f94",33,33,0,0,0,3
"8436b621",36,18,0,1,0,11
"8f1a1e5d",60,55,9,4,33,20
"c0971b91",80,0,NA,0,50,5
"5d33265f",69,62,10,1,57,18
"70de1983",88,25,50,1,50,16
"64c197ea",51,5,100,2,75,39
"a7c17943",44,4,0,3,22,27
"2d58b390",52,21,14,3.5,0,33
"e8f69749",21,15,20,4,0,34
"86ec9e63",33,0,NA,0,100,3
"15366b48",67,0,NA,1,100,3
"18307fd0",53,24,12,1.71,67,37
"aed889b5",74,48,27,2.25,22,25
"d704ddb6",38,5,0,1.5,25,21
"8abcb91e",54,30,27,4.25,50,39
"91ade0b5",50,0,NA,0.25,33,12
"a23a3514",67,50,67,6,0,6
"11c714a4",43,43,50,12,40,14
"0d334dfa",56,24,17,3,0,25
"610accde",50,22,29,4,43,33
"151fb3a5",23,0,NA,5,33,14
"9e2cb2be",57,57,25,3,0,7
"11e2e436",81,52,9,5,50,25
"5f4a3bff",50,28,29,1.5,36,51
"d26aa255",18,0,NA,3,0,23
"8c8915af",12,12,0,0.5,0,8
"cd3eb686",55,36,25,2.75,67,11
"861cbbcb",75,12,0,0,50,8
"20792c2c",77,54,29,7,100,14
"ca182344",52,3,0,1,56,32
"8f577be3",29,13,0,6.5,40,62
"4115cb5c",67,33,100,3,0,3
"93d58755",32,16,67,2.33,0,19
"6a3fa9e1",64,21,0,5,0,14
"21252c28",67,38,25,1.4,62,22
"f3298d68",50,25,50,7,0,8
"db2e12ca",61,0,NA,1.86,29,18
"8a87bfe2",46,7,50,5.75,22,54
"0d8a3af1",100,100,0,0,100,6
"e55f2e3f",20,0,NA,0,0,5
"b9e97ed9",57,33,0,1,60,21
"7ff8712a",25,12,0,3,100,16
"c930aa00",47,38,6,3.5,56,45
"a21a39f8",48,10,0,2,20,21
"6057bdeb",62,57,33,4,50,38
"14a72eef",35,18,33,4,25,17
"4403336d",53,32,0,2,60,19
"a46ef90f",74,34,23,1.77,53,43
"7f03f563",50,0,NA,0.5,0,4
"25adbdbc",33,22,7,1.43,73,69
"c8a0d76d",41,16,20,3,75,64
"00a32e13",41,16,17,9,0,37
"dd2c2892",71,50,43,3.67,17,14
"069d4647",54,0,NA,0.76,53,37
"2623dce5",40,0,NA,1,NA,5
"32e589b2",65,26,0,1.43,55,88
"34ab9e37",50,0,NA,1,0,4
"46f4bb0d",100,75,67,3,100,4
"5d8cbe59",28,25,11,1.25,17,43
"36dc0634",60,40,0,2,0,5
"8bd01a38",67,0,NA,0.67,0,3
"bf2ef18c",54,50,33,8,50,24
"62e6af82",100,0,NA,1,0,1
"cec0597a",0,0,NA,0,100,1
"db4c5999",100,33,100,4,100,3
"09567f38",100,0,NA,0.33,100,3
"70693b9e",70,65,54,3.5,71,20
"e009a3e2",50,0,NA,0,0,2
"af653c59",50,18,0,2,30,29
"289b0469",41,28,0,1,56,29
"8a68438c",83,83,20,1,50,6
"224a2e58",80,40,0,0,33,6
"8ded5228",62,43,11,1,62,21
"df9bc7b9",55,34,50,10,33,29
"bc4e0045",38,6,0,2.5,0,16
"7f70adb2",45,9,50,4,0,22
"fe17843a",32,11,50,2,100,22
"ee1d64a3",50,38,33,2,0,8
"c0f291e0",58,32,0,0,44,19
"aa4e6f97",57,50,14,2,100,14
"051c58f6",36,14,0,2,NA,14
"30c92f16",61,44,12,2,29,19
"a2609f67",41,27,17,2.67,67,22
"feea9f41",0,0,NA,0,NA,1
"3e6b0f86",0,0,NA,0,100,1
"87bbfc8e",33,33,0,1,100,6
"6ef98f20",33,33,0,0,NA,6
"d85b52e1",73,9,0,5,33,11
"980e02c6",73,64,43,2,67,11
"c4313ca5",46,19,0,4,60,37
"f918c20c",50,20,0,2.5,40,10
"8f5681d5",100,100,100,3,0,1
"46711d3f",58,29,0,0.86,57,38
"5fc5db23",52,44,0,2,67,25
"b02cfc7c",32,5,0,5,50,19
"f5dfbe5a",22,22,0,2,100,10
"7763452f",60,30,0,6,100,10
"696fac87",46,0,NA,1,43,26
"2924546f",50,50,33,7,33,18
"c041f4a6",50,25,0,2,0,12
"03eb2637",52,48,45,8,40,23
"e259f9c4",75,25,38,1.14,56,32
"4a37e3e7",55,28,12,2,40,29
"4b48267a",67,17,100,2.5,50,6
"648d9d18",61,39,17,0.91,44,31
"34e88711",71,47,38,2.5,57,17
"adc125b9",83,33,50,1.33,0,6
"75082a51",57,29,25,4,67,14
"bd5100f3",21,7,0,0,100,14
"09e61cd1",38,25,10,1.27,56,84
"5f29bce6",44,22,0,0,50,9
"a49d9153",48,4,0,1.67,0,23
"2cadc0f2",55,27,67,10,100,11
"5a37d401",39,24,17,13,50,49
"94f8249b",33,24,0,0,50,21
"13e34245",30,10,50,3,33,21
"6d088111",39,26,6,2.75,67,62
"59eb66c5",74,56,7,1,56,31
"46af6658",43,29,20,3.5,43,35
"feb1e888",42,42,20,1,60,13
"5f70e590",51,26,0,3,25,35
"0b378481",64,27,17,5,50,22
"bfba7106",100,50,0,2,100,2
"6e6b1127",50,0,NA,1,NA,2
"4787de1f",76,6,0,0.4,44,18
"084d42f6",80,60,33,0.6,75,5
"00394ea7",75,0,NA,2,33,4
"2bd258d7",65,25,20,1.2,100,20
"b5bb4ff3",78,33,33,8,0,9
"dd852629",54,29,0,4,75,37
"eeaa2ece",35,35,29,4,25,20
"f8dd0503",30,7,0,1,60,43
"1d289153",61,52,8,2,25,23
"1b2bf1cb",31,15,25,3,100,26
"550b7f54",27,18,0,3,100,26
"66dd908c",76,0,NA,0,57,17
"fb231082",65,65,7,1.5,33,23
"300164c2",33,0,NA,2,0,3
"81842545",41,28,0,2,50,29
"566d70f5",78,56,20,0.33,33,9
"049efd42",55,29,11,7,57,32
"9a56ba55",100,100,0,0,40,11
"5a918970",55,27,33,1,44,33
"beec366e",48,22,20,9,75,23
"5cead2ea",30,13,33,2.5,50,23
"ae0b3e8e",86,14,50,2,50,15
"0f4a8e9f",70,20,50,0.5,0,10
"bc323047",50,27,0,3.33,0,22
"272b8e83",100,75,0,0,33,4
"3a4e2257",43,4,100,5,62,23
"050854c3",29,8,0,0,50,24
"19f5ae79",33,0,NA,0.5,100,6
"b99b71cf",30,30,0,1,0,10
"866663fe",44,21,0,0.75,20,39
"095afcb0",30,20,50,4,33,10
"38b87d95",40,0,NA,1.5,100,10
"56a1cb04",58,0,NA,1,25,12
"fa47b359",67,25,0,2,100,12
"fbead195",17,17,50,3,0,12
"bfe42ce0",52,4,0,4.33,75,29
"69b519fb",31,21,17,3,50,29
"18b3567a",33,0,NA,2,0,6
"1cf7b48b",67,0,NA,1,100,6
"c30cc44d",69,25,25,1.33,50,16
"40e8b916",77,50,23,4.25,38,28
"70e724e4",41,12,0,2,67,17
"547cd337",60,40,0,1,0,5
"9a509214",43,29,0,0.67,0,7
"b9d00185",35,10,0,4,100,20
"04dbd3a7",50,20,50,4.5,50,10
"c0a95ea4",60,20,50,1,100,10
"9729a6b5",100,0,NA,0.25,0,2
"f51f19f4",50,6,0,2.8,40,16
"4024009b",64,32,43,6,100,22
"436edb91",33,33,0,0,0,4
"5fa32462",50,50,17,0.67,20,14
"c4b415d8",36,21,29,1.5,67,33
"6d7dec2b",42,3,0,1.56,69,62
"c03800fe",29,14,0,2,0,7
"50eb9cb7",67,50,17,1,67,13
"c983e565",54,38,40,1,67,13
"322ae8eb",77,46,50,8,50,13
"eb24dc8d",60,7,0,0.67,38,15
"25ac318a",67,13,0,2.2,80,15
"239c0da8",76,38,25,8,60,22
"5d755037",50,50,0,0,0,4
"52704f1c",42,2,0,6,71,59
"19d1a00d",64,45,20,2,33,11
"65cf3b26",31,15,50,0.33,0,13
"ea24cec1",72,24,33,11,67,25
"5293b46f",31,23,6,3,75,86
"3ad9573c",40,28,6,2,30,60
"40f5f59e",67,67,0,1,100,3
"58284da5",33,0,NA,0,NA,3
"81bc29ab",58,0,NA,0.71,50,24
"9ee7415c",35,27,15,10,40,51
"0d5ef11c",29,14,100,4,0,7
"21613f48",35,31,6,2.75,33,52
"01ce2a9d",80,0,NA,0.2,0,5
"5823af5d",41,25,0,1.33,67,33
"ebf87117",50,50,0,0,100,2
"3c80ef34",50,50,0,0,NA,2
"d7e6a415",100,100,50,2,0,2
"4a986b87",67,11,100,1.5,75,9
"0006db09",38,24,20,0.5,71,21
"ce4f5c39",60,0,NA,4,0,10
"e5cecd28",62,50,38,2,40,16
"92977a65",43,7,0,2,33,14
"638d0be9",62,0,NA,2,67,13
"8ac08fe1",33,33,0,0,50,6
"f049d982",73,27,75,2,33,15
"b46624b0",36,21,6,1.67,65,96
"96764982",22,0,NA,0,100,9
"5a80e342",38,25,100,3,50,9
"849fc03e",100,100,0,0,0,3
"22da5b90",50,0,NA,0,0,2
"32e7041d",0,0,NA,0,NA,3
"2f442bda",100,33,0,1,100,3
"07c2db35",50,33,50,5,100,7
"562d0047",43,14,0,0,NA,7
"3fe4698f",60,40,100,3,100,5
"d4706109",50,18,0,1.38,56,47
"52ab8921",46,39,9,0.62,20,29
"9ded2c0e",50,25,0,1,33,8
"1b154804",70,10,100,3,67,10
"effbb387",60,53,6,1.5,33,31
"830bcd82",48,42,15,3,75,31
"aa4271c8",79,53,20,0.6,50,20
"391858f5",55,0,NA,1.17,25,11
"8f0cdb54",82,45,60,9,75,11
"4298d2a1",27,23,29,1,86,33
"52ef3e93",58,19,20,2.5,0,31
"597f9e61",31,27,14,3,50,26
"6f4bc75d",53,20,33,5,0,15
"a8e118ab",41,32,14,3,20,22
"6f0c9517",33,33,100,1.5,25,9
"2fc4d21a",54,15,0,2,62,41
"cb2a9f2b",42,0,NA,1.5,25,19
"787b4800",67,67,0,0,100,3
"a4d969b5",33,0,NA,1,NA,3
"8514f856",62,50,25,0.67,0,8
"45004762",50,12,100,5,100,8
"0bdd7b26",100,100,0,0,0,1
"6cf4af7d",24,14,33,4,67,21
"1ce16dcd",47,5,0,1.5,50,21
"ed33be23",100,0,NA,3,0,1
"71f1278b",50,8,0,1,60,12
"3e6ac76f",42,17,0,6,100,12
"dc82673d",33,33,0,0,NA,12
"c3c0f780",50,31,21,3.67,67,63
"d2e79d79",100,100,100,1,0,1
"fe66a346",76,71,40,11,67,21
"78ee0103",100,100,0,0,0,1
"5a80dc0f",100,20,0,0.5,0,5
"336be4c5",34,31,0,1,60,32
"198977e4",61,11,0,3.33,67,18
"573c6e77",43,14,0,1,0,7
"eaa3ddee",58,32,17,6,50,19
"30641d06",86,71,0,0,33,8
"38babe03",75,50,0,2,67,4
"7650a3e9",100,25,100,1,67,4
"cf7e9097",31,12,50,5,33,16
"cdf39ac0",69,50,15,5,33,29
"df427f48",83,50,0,2,50,6
"877f86cc",33,33,0,0,100,6
"80590de4",64,50,14,0.33,67,14
"f5cb2031",41,38,17,3,50,32
"8783d038",52,22,0,8,100,27
"6a280e4b",41,35,17,3,0,17
"c4915d21",56,33,0,3,0,9
"886c77a8",35,20,0,1,50,21
"7b8a1630",39,24,11,5,88,40
"a1364adb",61,43,0,3,17,23
"439de092",28,11,100,5,25,18
"85e1ae82",57,17,0,1,71,23
"468cb9bf",0,0,NA,0,100,4
"34113018",100,0,NA,2,50,4
"986eefa9",45,9,0,2,100,11
"540649cf",80,40,25,0.67,25,10
"ac7abb4b",65,35,67,2.6,75,17
"9ddf4030",30,13,25,3,50,31
"56ab69be",52,39,17,5,67,31
"c7f0b567",67,20,33,1,20,15
"079236c4",62,54,43,3,50,13
"f988b72b",30,10,0,3,0,10
"2193fe06",48,48,38,9,75,27
"830fd637",53,13,0,0.1,50,30
"6feab85c",57,36,24,4.75,44,47
"0fbcb7e5",71,41,0,9,67,21
"7d1d73f2",75,25,0,0,0,4
"4ab9558a",80,40,0,1,100,5
"0c6c9f2a",50,50,50,5,100,4
"ad3df68b",50,25,0,0,NA,4
"a18b0eba",52,16,25,0.86,70,25
"75d5aab4",50,20,25,2.33,57,20
"40b2d3dd",50,31,40,2,0,16
"141752c1",33,31,27,12,40,48
"e80438d1",58,0,NA,0.5,60,21
"2609221c",82,27,0,7,57,11
"27685e4b",53,20,33,1.33,50,15
"5388113e",50,27,33,9,75,22
"048ae916",64,18,0,0,33,11
"3bb281f2",56,19,0,0.67,0,16
"706476fe",76,24,25,7,67,17
"0bd141e1",38,12,0,1.67,40,26
"d0a867da",63,24,33,7,71,43
"59b890d7",67,7,0,1.2,100,15
"a64922a0",50,42,20,5,33,12
"f88570bc",14,14,0,0,100,7
"c8eaee0e",57,0,NA,1,50,7
"5b88769c",67,67,0,0,100,6
"61055829",100,0,NA,0,0,1
"b5e4b5d9",24,9,33,1.33,50,33
"ab86de5d",36,27,0,0.5,80,33
"d4223cb4",100,0,NA,0,0,1
"978814f6",47,18,0,1.33,65,73
"59a453b1",70,30,17,1.75,60,20
"565d22e1",15,15,0,5,100,20
"38f43c89",50,50,0,0,0,2
"1b258de6",58,4,0,1,83,26
"96a125b0",68,56,57,14,20,25
"f01ed37b",50,14,50,1.5,80,14
"1995f449",100,0,NA,2,0,1
"6c309ed3",100,0,NA,1,0,1
"8a0f16a0",60,36,44,2,75,26
"23f68a64",100,0,NA,5,0,5
"5aa7e4b3",45,45,22,2.33,60,20
"55d77dc7",44,15,0,2,50,27
"07e00b6d",48,36,0,2,20,25
"6b9f7397",100,100,0,0,100,9
"b7a19ece",50,0,NA,0,50,6
"b393aec6",21,14,0,0.5,100,14
"46981501",43,7,0,0.67,33,14
"f29b4bf3",50,24,12,3.67,67,66
"7f62dcd9",100,0,NA,1,0,1
"68e0a1b6",67,0,NA,1,0,3
"1b6f270b",59,41,0,5,64,40
"988b9036",50,14,0,5,100,22
"a8653228",40,40,0,1,0,5
"04d781a3",75,0,NA,4,100,5
"6e73f933",50,16,14,1.88,69,44
"3d3345f1",56,0,NA,2,0,9
"dde63276",16,16,0,1,50,38
"48957498",43,29,50,3,0,7
"eb271124",43,24,22,8,60,37
"761aa3db",22,0,NA,1,0,9
"b99680fe",41,35,0,1.2,14,37
"3bef4f08",55,0,NA,0.33,50,11
"9d2884fa",27,0,NA,5,100,11
"8fc4d36c",68,17,12,5.5,43,69
"ce5403bf",86,86,0,0,33,7
"c7ffc57f",56,22,50,6,50,9
"c372a1b7",60,12,33,3,67,25
"c375c2ea",53,30,22,2.5,57,30
"8d6f7c8b",54,0,NA,2.67,62,29
"e77ef989",52,7,0,0.83,14,28
"7c8ccc44",40,27,25,0.33,33,15
"62bf03be",55,20,12,11,62,40
"f574415f",29,8,20,15,60,65
"43e7de26",41,18,0,1.73,33,105
"676f4c31",39,30,14,4,0,23
"54676473",50,14,0,5,33,18
"c8f62532",88,31,60,7,50,19
"d6f66b59",43,43,33,2,0,7
"721df528",65,54,14,1.25,40,26
"7aa0e682",61,22,0,2.33,64,58
"a1115754",29,15,20,3,33,34
"2aebd1eb",67,33,50,2,50,6
"f8acd0ae",100,67,25,5,100,6
"014c53f3",37,23,20,7.5,60,43
"ef488946",71,0,NA,0.75,50,8
"86c9ef9f",62,25,25,4,67,16
"9acb8be8",25,12,50,0.6,67,16
"b81319ae",71,14,0,2,33,7
"6bd2b10b",47,24,12,0.55,75,34
"90035368",82,45,0,1,100,11
"f0646814",17,0,NA,2,NA,12
"d4fcb23e",67,0,NA,3,67,12
"ac8c9050",39,11,0,2,40,18
"043c896b",48,40,6,1.67,83,40
"9c7e3711",53,24,0,4,100,17
"c1552cff",59,53,44,8,100,17
"559a6175",83,17,0,2,33,6
"01f3cb4c",52,43,22,2,75,21
"4a24f09b",56,33,0,2,0,9
"095a8b6c",46,0,NA,1.25,80,13
"43099f07",38,31,25,4,50,13
"e556db20",44,31,20,3,25,16
"1647fcd1",83,8,100,2.2,25,12
"2f9adeee",52,24,0,0.89,20,46
"bcdbfd71",88,38,0,0.25,25,8
"36336908",56,33,33,4,100,9
"76bbd6ef",46,17,14,2.8,20,41
"4958cced",51,0,NA,0.93,67,47
"278285ca",43,0,NA,0.33,67,14
"42aebccd",50,7,0,4,33,14
"e0c72b02",22,11,0,0,NA,9
"e904fd20",46,20,0,0.78,50,61
"849ab1c2",43,24,20,6,20,21
"d4004178",50,0,NA,1.25,45,31
"d49b9b82",36,15,14,2.29,58,95
"25c6b2d9",52,24,27,1.75,67,48
"a3379990",16,11,0,3,NA,38
"fa9a8b35",64,9,100,2,50,11
"ab3951d4",31,12,0,2,75,42
"137f87dd",27,27,67,2,0,11
"980565f4",78,22,50,2.75,75,9
"806cd92a",60,20,0,0,0,5
"b471187b",90,20,50,0.29,50,10
"7bb34df1",66,17,40,1.29,60,29
"e12387d6",91,64,14,1,67,12
"43ae4a39",33,17,0,1,67,12
"d1ac9655",86,64,22,3,100,19
"570477bc",100,0,NA,1,0,2
"bdfad87c",40,7,50,6,57,33
"7b495989",58,32,10,0.38,38,31
"3cbeb80e",100,100,33,2,0,3
"5bea142b",50,4,0,1.88,100,26
"a2f0ea64",39,11,0,0.25,33,18
"50bdbfea",34,24,22,0.75,67,38
"891750c4",100,33,0,0.5,33,3
"a3c70e39",44,11,0,1.67,20,18
"9f7488eb",50,25,0,4,33,12
"fa9607a1",60,24,33,1.75,71,28
"61804730",50,0,NA,0,0,2
"06e895fa",58,8,100,7,50,12
"13e0d13a",75,33,25,1.5,67,12
"b225801f",45,25,0,0.6,69,73
"c902f4ec",38,8,0,0.5,0,13
"1f6167ae",50,50,0,0,0,6
"cb36030e",40,15,12,1.43,33,52
"3e834aaa",68,56,36,4.4,25,50
"422d59fd",33,11,0,0.25,50,18
"7cfce782",42,23,0,6,64,66
"e1845d68",50,33,50,2,33,6
"cf0022c6",100,33,0,2,100,3
"55ba51bc",100,0,NA,3,NA,3
"4e5f2825",50,22,0,4,25,18
"0f407003",52,24,14,1,55,29
"9ba65b97",36,14,0,4,57,69
"837d8fbf",50,44,14,0.67,100,16
"e669c927",50,31,60,6,0,16
"e70cdb0e",100,29,0,3.5,0,7
"3aa55edf",52,44,17,3,60,28
"2aafb7da",50,0,NA,0,0,2
"7b0467ee",50,0,NA,1,100,2
"63ed73e1",100,50,0,1,NA,2
"49fa238d",0,0,NA,0,NA,2
"c8d39930",100,0,NA,3,100,2
"7c2b6485",38,25,25,3,0,16
"ef20be1e",50,12,0,5,75,16
"3167f077",50,0,NA,0,0,2
"a179985c",64,18,25,9,40,24
"1e52b293",100,0,NA,1,0,1
"355a1fb4",67,48,23,3,67,27
"29273da3",100,0,NA,0,0,1
"454d637a",50,17,0,0,50,6
"6d589dad",83,33,50,4,50,6
"e308a862",0,0,NA,0,NA,1
"e0016894",100,100,0,0,100,1
"656c3a8a",100,100,0,0,0,1
"6723c58e",59,12,50,1.57,83,17
"2cbf40eb",78,22,50,0.86,20,9
"6fde91e7",58,26,0,2,67,19
"299e2e24",34,20,0,4,57,44
"9f3535cd",54,31,25,4,67,13
"f86c6f6a",60,15,0,2,50,20
"563dc680",100,100,0,0,0,1
"1c2dfc4c",55,50,10,3,60,20
"fe2fde5f",100,50,0,1,100,2
"6b284cd5",100,100,100,1,0,1
"b61d8457",100,100,100,3,100,1
"4fda3ea5",0,0,NA,0,NA,1
"61a81467",52,12,0,0.29,78,33
"48e1bbc2",50,25,0,9,33,24
"6c838b5e",33,0,NA,1,0,3
"1ac305d3",67,0,NA,1.5,100,3
"b46fd4b8",100,100,100,3,0,1
"9b2135a8",41,41,14,1,0,18
"b1542298",45,5,0,0.67,100,20
"6eb7645e",17,17,25,4,100,23
"e6ed34ee",100,100,100,1,0,1
"9175a960",56,48,0,1.5,75,50
"f46b8a68",44,31,19,0.82,50,68
"649a3ddd",35,10,50,9,33,20
"c74f6dfe",58,12,33,10,100,24
"1180b065",67,33,100,1,NA,3
"01021a5d",75,75,67,4,0,4
"f87cfdf6",75,25,0,0,100,4
"a46a58ca",62,12,40,1,45,42
"0f1ef378",25,12,100,1,33,8
"c241cafb",38,26,0,2,60,34
"255e3e32",32,21,0,2.33,33,34
"1aac0c04",50,0,NA,0,0,10
"c021b7c2",77,38,0,3.5,50,14
"48ea09a5",54,15,50,2,33,13
"c064f6a2",41,3,0,0.88,78,58
"b26e1abf",33,33,0,2,25,15
"58977474",60,34,8,6.5,50,35
"06e47f18",64,29,0,0.17,50,14
"e011af31",45,20,0,4,50,20
"7baba1c2",32,8,0,1.67,67,25
"0a1c207d",100,67,0,0,0,3
"59a250c4",56,39,43,5,100,18
"4c7f538b",75,58,14,2,57,12
"2c37a921",67,33,0,1,0,3
"4cbe5f65",38,38,40,1.25,50,13
"cf8f8684",62,23,0,2,60,13
"52a21643",100,33,0,5,100,3
"11313f3b",67,33,100,1,NA,3
"373fc522",43,30,0,3,14,37
"a38e5609",54,27,0,5,50,37
"0b2ca9c6",54,15,0,2.5,0,14
"3153c2de",53,20,0,1,0,15
"efe520bc",55,16,0,7.5,80,34
"43702f99",64,18,50,6,100,11
"a0fb38b6",100,0,NA,1,0,1
"759c0061",95,90,50,11,50,20
"5ed9e143",50,41,0,0,25,32
"330d1a38",32,17,9,2.33,71,82
"143759a0",70,47,14,1,43,30
"e9dece3e",75,25,0,0.5,0,4
"9c81e37f",100,100,0,0,0,1
"4fd4ac62",27,18,11,2.5,75,50
"8f0b125b",22,13,67,4,0,23
"7b3a2f98",62,38,0,0.67,40,13
"20c890fc",57,23,43,6,40,30
"7a6d4ce2",35,20,50,0.8,80,20
"b4533683",51,31,18,4,60,36
"1ae57009",68,64,6,5,60,25
"d62f203a",40,12,33,6,67,25
"56fc1313",25,0,NA,0,100,4
"e86ea266",25,0,NA,3,100,4
"bcc5d45e",73,0,NA,0.88,29,15
"0a9d8e4a",61,48,10,2.57,62,61
"ee74eb07",43,21,33,5,50,14
"0e4cf13a",100,0,NA,1,0,1
"68071a76",70,15,33,1.11,43,20
"c91d8f3f",100,0,NA,0,0,2
"905aa42f",61,61,9,3,67,18
"6f415f01",70,48,0,1.09,64,27
"b4e3fc46",71,0,NA,2,50,7
"be7b71ec",50,42,0,5,50,24
"39798464",29,17,0,2,50,24
"b3dd9303",24,14,0,3,75,21
"241345c3",42,32,17,4,0,19
"4bdf090a",22,17,0,0.33,67,19
"b3d74dea",58,42,0,2,60,19
"9a79922b",62,25,0,0.5,33,8
"b6ed6b4e",52,43,44,6,25,21
"ace006de",11,0,NA,1,NA,9
"f0d40dab",57,29,0,0,0,14
"2329c445",48,24,25,5.67,57,33
"9d18e1d2",33,0,NA,1,0,4
"72203ad0",67,42,0,2,0,12
"4067166d",42,29,19,7,43,55
"c028b18c",61,8,0,1,64,36
"93547353",55,25,40,2,50,20
"0e059656",90,40,25,3.5,100,10
"70acb0d3",100,0,NA,0,0,1
"94b556bc",53,0,NA,5,80,32
"01eb8dfe",35,35,0,2,0,17
"41b2746d",50,50,0,0,0,2
"e98b3c56",36,15,11,1.43,62,63
"f17da2f7",46,15,0,1,33,13
"abf7fb9a",29,29,0,0,0,7
"8bba6be4",100,0,NA,3,0,2
"45bb5f9a",57,43,22,0.83,75,21
"083be205",71,57,50,1,33,7
"ec8d5d39",40,0,NA,2.33,60,30
"b3450a53",100,0,NA,0,100,3
"b2a46e93",67,33,100,4,0,3
"736d4926",28,17,0,0,80,36
"f53f1dd6",39,32,0,2,40,29
"b25a18ea",48,24,17,3,50,25
"da011bb1",52,18,17,2.5,67,33
"65a019f5",47,13,50,6,0,15
"e0bc4fac",44,12,0,0.33,0,16
"caf55f65",48,33,0,0,50,21
"6a59c919",67,33,0,3,0,3
"b93ed987",43,14,100,4,0,7
"bb990376",36,0,NA,0.26,56,28
"d99f00ed",50,29,12,1,57,28
"3890b0e4",67,42,10,9,38,24
"0f3837e0",88,33,12,4,88,28
"fe9b0514",33,33,75,4,0,12
"94cba32d",65,41,0,2,67,17
"3d2abd6a",20,20,0,0,0,5
"fe428ab1",67,67,33,1,100,9
"267ff7a1",44,0,NA,2,0,9
"802e84fb",50,0,NA,0.62,38,22
"bf782fe6",39,19,17,3,67,31
"b7ba9de5",70,20,0,1,0,10
"e727eeb1",67,0,NA,0.67,100,3
"4a521e36",67,33,100,3,NA,3
"c909e28b",38,23,0,3,50,13
"fefabe4a",38,22,14,1.17,57,32
"118d0a1b",53,32,17,2,100,20
"75211552",64,43,0,2,33,14
"1a28c4b7",44,22,0,1,0,18
"b32e4734",33,33,0,0,0,3
"d8b29fe2",50,12,0,0,75,8
"2f8b6a99",36,14,0,4,57,23
"85b92b38",43,0,NA,1,0,7
"95b26cf8",43,14,0,2,100,7
"471fd366",100,100,0,0,0,1
"c0e29597",43,10,0,2.17,62,42
"a97664c3",58,32,17,0.8,62,19
"d6a85317",100,25,0,1.5,0,4
"1a66720c",75,25,0,1.25,100,4
"58320afa",25,25,0,3,0,9
"c35fa059",50,50,0,0,0,5
"4436f83c",100,0,NA,3,0,1
"f959fb17",56,44,0,0.33,33,9
"1470461f",38,3,100,3.2,75,34
"a818eb42",58,42,60,7,0,12
"a7f90a65",53,40,29,2.5,58,60
"a5ff3d2d",100,100,0,0,0,1
"cbd7d8f3",57,27,75,5.67,75,30
"28f70659",54,31,12,3.5,67,34
"a9f86880",67,33,0,0,0,3
"b7f6528a",40,27,10,2.5,36,78
"a952c4e0",44,0,NA,0.5,20,16
"64daa912",57,0,NA,1,0,8
"2e1d3dbe",67,33,50,2.5,67,6
"02fd7ce1",50,0,NA,1,0,2
"0a84ef2c",57,43,0,1,0,7
"ebd2ddaa",43,14,0,4,100,7
"bfc1b8c3",62,24,40,2.5,83,21
"4743c046",67,17,0,0.5,25,16
"4ae216f5",50,17,0,0,0,6
"7e680352",50,50,0,0,100,2
"7b42e559",50,0,NA,3,100,2
"aa4a0082",100,40,100,3,100,5
"729c71c9",40,0,NA,1.5,NA,5
"20f69cb4",100,100,0,0,100,1
"24f29382",0,0,NA,0,NA,1
"25c3dab8",62,38,40,4,0,13
"bec650f3",46,15,0,3,100,13
"c98315f0",100,50,0,1,100,2
"e6bfd5eb",0,0,NA,0,NA,2
